Workbook

Sheet Tổng hợp
A1: Tháng | B1: Tổng task | C1: Task | D1: Bug | E1: Task gốc | F1: Subtask
A2: Tháng 2/2026 | B2: =COUNTA('Tháng 2'!B:B)-1 | C2: =COUNTIF('Tháng 2'!D:D,"Task") | D2: =COUNTIF('Tháng 2'!D:D,"Bug") | E2: =B2-F2 | F2: =COUNTIF('Tháng 2'!E2:E5000,"?*")
A3: Tháng 3/2026 | B3: =COUNTA('Tháng 3'!B:B)-1 | C3: =COUNTIF('Tháng 3'!D:D,"Task") | D3: =COUNTIF('Tháng 3'!D:D,"Bug") | E3: =B3-F3 | F3: =COUNTIF('Tháng 3'!E2:E5000,"?*")
A4: Tháng 4/2026 | B4: =COUNTA('Tháng 4'!B:B)-1 | C4: =COUNTIF('Tháng 4'!D:D,"Task") | D4: =COUNTIF('Tháng 4'!D:D,"Bug") | E4: =B4-F4 | F4: =COUNTIF('Tháng 4'!E2:E5000,"?*")
A5: Tháng 5/2026 | B5: =COUNTA('Tháng 5'!B:B)-1 | C5: =COUNTIF('Tháng 5'!D:D,"Task") | D5: =COUNTIF('Tháng 5'!D:D,"Bug") | E5: =B5-F5 | F5: =COUNTIF('Tháng 5'!E2:E5000,"?*")
A6: Tháng 6/2026 | B6: =COUNTA('Tháng 6'!B:B)-1 | C6: =COUNTIF('Tháng 6'!D:D,"Task") | D6: =COUNTIF('Tháng 6'!D:D,"Bug") | E6: =B6-F6 | F6: =COUNTIF('Tháng 6'!E2:E5000,"?*")
A7: Tháng 7/2026 | B7: =COUNTA('Tháng 7'!B:B)-1 | C7: =COUNTIF('Tháng 7'!D:D,"Task") | D7: =COUNTIF('Tháng 7'!D:D,"Bug") | E7: =B7-F7 | F7: =COUNTIF('Tháng 7'!E2:E5000,"?*")
A8: Tháng 8/2026 | B8: =COUNTA('Tháng 8'!B:B)-1 | C8: =COUNTIF('Tháng 8'!D:D,"Task") | D8: =COUNTIF('Tháng 8'!D:D,"Bug") | E8: =B8-F8 | F8: =COUNTIF('Tháng 8'!E2:E5000,"?*")
A9: Tháng 9/2026 | B9: =COUNTA('Tháng 9'!B:B)-1 | C9: =COUNTIF('Tháng 9'!D:D,"Task") | D9: =COUNTIF('Tháng 9'!D:D,"Bug") | E9: =B9-F9 | F9: =COUNTIF('Tháng 9'!E2:E5000,"?*")
A10: Tháng 10/2026 | B10: =COUNTA('Tháng 10'!B:B)-1 | C10: =COUNTIF('Tháng 10'!D:D,"Task") | D10: =COUNTIF('Tháng 10'!D:D,"Bug") | E10: =B10-F10 | F10: =COUNTIF('Tháng 10'!E2:E5000,"?*")
A11: Tổng | B11: =SUM(B2:B10) | C11: =SUM(C2:C10) | D11: =SUM(D2:D10) | E11: =SUM(E2:E10) | F11: =SUM(F2:F10)
A13: Nguồn: list Tech manager (space Product Development), dữ liệu CSDL tới 2026-10-06 17:52.
A14: "Ngày lên đơn" = ngày tạo task. Gồm cả subtask (cột Task cha) và bug; không gồm task đã xoá.

Sheet Tháng 2
A1: Ngày lên đơn | B1: ID | C1: Tên task | D1: Loại | E1: Task cha | F1: Trạng thái | G1: Ưu tiên | H1: App Name | I1: Task type | J1: Người làm | K1: Người tạo | L1: Sprint | M1: Start date | N1: Due date | O1: Ngày đóng | P1: Điểm | Q1: Đánh giá DEV | R1: Đánh giá Test
A2: 2026-02-02 09:36 | B2: TICKET-5154 | C2: QA Test | D2: Task | E2: 1.0.1 - Thêm Ads/ Edit UI | F2: all issue | J2: Lê Thị Dương | K2: Lê Thị Dương
A3: 2026-02-02 09:48 | B3: TICKET-5155 | C3: 79. Video bị nháy đoạn pause lúc quay | D3: Task | E3: QA Test | F3: need to be clean | G3: low | K3: Kim Ngọc
A4: 2026-02-02 10:02 | B4: TICKET-5156 | C4: 80. Luồng Export: Phần sound ở màn Edit Video và sau khi Export không khớp nhau | D4: Task | E4: QA Test | F4: done | G4: urgent | J4: Bùi Văn Tiến | K4: Kim Ngọc
A5: 2026-02-02 10:20 | B5: TICKET-5157 | C5: 81. Animation gaem survival: Sửa lại cho cừu rơi trước miếng gỗ | D5: Task | E5: QA Test | F5: done | J5: Ngọc Văn Linh | K5: Kim Ngọc
A6: 2026-02-02 10:20 | B6: TICKET-5158 | C6: Bug 1: Ứng dụng tự động chuyển sang màn hình Preview khi quay lại từ thanh điều hướng trong lúc đang quay video. | D6: Task | E6: QA Test | F6: qa - fix done | G6: high | J6: Phạm Văn Khải | K6: Lê Thị Dương
A7: 2026-02-02 10:22 | B7: TICKET-5159 | C7: Bug 2: Lỗi UI tutorial ngón tay | D7: Task | E7: QA Test | F7: qa - fix done | G7: normal | J7: Phạm Văn Khải | K7: Lê Thị Dương
A8: 2026-02-02 10:29 | B8: TICKET-5160 | C8: Bug 3: Lỗi UI btn Download trên màn Result | D8: Task | E8: QA Test | F8: qa - fix done | G8: normal | J8: Phạm Văn Khải | K8: Lê Thị Dương
A9: 2026-02-02 10:38 | B9: TICKET-5161 | C9: Gắn quảng cáo | D9: Task | E9: 1.0.1 - Add Ads/ Edit UI/ Edit flow | F9: done | J9: Ngọc Văn Linh | K9: Nguyễn Ngọc Hạnh Ngân
A10: 2026-02-02 10:38 | B10: TICKET-5162 | C10: Chỉnh sửa UI | D10: Task | E10: 1.0.1 - Add Ads/ Edit UI/ Edit flow | F10: done | J10: Ngọc Văn Linh | K10: Nguyễn Ngọc Hạnh Ngân
A11: 2026-02-02 10:47 | B11: TICKET-5163 | C11: Bug 4: Lỗi UI btn Export & Share trên tab Save màn My collection | D11: Task | E11: QA Test | F11: qa - fix done | G11: normal | J11: Nguyễn Nhật Minh | K11: Lê Thị Dương
A12: 2026-02-02 10:47 | B12: TICKET-5164 | C12: Bug 5: Crash | D12: Task | E12: QA Test | F12: qa - fix done | G12: high | J12: Nguyễn Nhật Minh | K12: Lê Thị Dương
A13: 2026-02-02 10:53 | B13: TICKET-5165 | C13: 82. Thiếu xin quyền file ở luồng download màn Profile | D13: Task | E13: QA Test | F13: done | G13: urgent | J13: Bùi Văn Tiến | K13: Kim Ngọc
A14: 2026-02-02 11:01 | B14: TICKET-5166 | C14: Bug 6: Lỗi hiển thị màn hình đen nhưng vẫn phát nhạc khi Back từ màn Camera Filter | D14: Task | E14: QA Test | F14: need to be clean | G14: urgent | J14: Nguyễn Nhật Minh | K14: Lê Thị Dương
A15: 2026-02-02 11:04 | B15: TICKET-5167 | C15: Bug 7: Lỗi hiển thị màn hình đen nhưng vẫn phát nhạc khi Back từ tab favorite trên màn My collection | D15: Task | E15: QA Test | F15: need to be clean | G15: urgent | J15: Nguyễn Nhật Minh | K15: Lê Thị Dương
A16: 2026-02-02 11:06 | B16: TICKET-5168 | C16: 1.1.3 Add tracking/Fix showrate | D16: Task | F16: ready to release | H16: Transperent wallpaper | J16: Nguyễn Nhật Minh | K16: Trần Nguyệt Ánh | L16: Sprint 14 (1/26 - 2/12) | Q16: 3
A17: 2026-02-02 11:21 | B17: TICKET-5169 | C17: 83. Gắn thiếu luồng Edit | D17: Task | E17: QA Test | F17: done | G17: urgent | J17: Bùi Văn Tiến | K17: Kim Ngọc
A18: 2026-02-02 11:23 | B18: TICKET-5170 | C18: 1.1.0 Edit UI/Add function/Fix bug/add ads/add tracking | D18: Task | F18: ready to release | H18: VPN | J18: Bùi Văn Tiến, Kim Ngọc, Ngọc Văn Linh | K18: Trần Nguyệt Ánh | L18: Sprint 15 (2/24 - 3/13) | M18: 2026-03-02 09:30 | N18: 2026-03-06 18:00
A19: 2026-02-02 11:24 | B19: TICKET-5171 | C19: Thêm chức năng rate | D19: Task | E19: 1.1.0 Edit UI/Add function/Fix bug/add ads/add tracking | F19: done | K19: Trần Nguyệt Ánh
A20: 2026-02-02 11:34 | B20: TICKET-5173 | C20: Thêm tính năng Paralax wpp | D20: Task | E20: New function/add tracking/add ads | F20: ready to progress | J20: Nguyễn Nhật Minh | K20: Trần Nguyệt Ánh
A21: 2026-02-02 11:34 | B21: TICKET-5174 | C21: Thêm tracking | D21: Task | E21: New function/add tracking/add ads | F21: ready to progress | J21: Bùi Văn Tiến | K21: Trần Nguyệt Ánh
A22: 2026-02-02 11:38 | B22: TICKET-5175 | C22: 84. Lỗi luồng back tại màn Profile, Video Trending | D22: Task | E22: QA Test | F22: done | J22: Bùi Văn Tiến | K22: Kim Ngọc
A23: 2026-02-02 11:55 | B23: TICKET-5176 | C23: 85. Crash toolbar màn Profile | D23: Task | E23: QA Test | F23: qa - cant fix | G23: urgent | J23: Bùi Văn Tiến | K23: Kim Ngọc
A24: 2026-02-02 14:16 | B24: TICKET-5177 | C24: Bug1: Thêm rate app: User click button Back/Home tại màn result => MM khi click vào nút "back"hệ thống hiển thị dialog rate trên màn home | D24: Bug | E24: QA Test | F24: done | J24: Lục Tiến Đạt | K24: Trịnh Thị Thơ
A25: 2026-02-02 14:20 | B25: TICKET-5178 | C25: Bug2: Button " No thanks" ở màn iap click 2 lần mới chuyển mà => MM : Click 1 lần chuyển màn | D25: Bug | E25: QA Test | F25: done | J25: Lục Tiến Đạt | K25: Trịnh Thị Thơ
A26: 2026-02-02 14:25 | B26: TICKET-5179 | C26: Bug3: Màn Crosshair Generator : Quảng cáo inter ở " Button Crosshair" Không qua màn . Không bật nút button lên, hay thay đổi trạng thái gì .=> MM: Quảng cáo inter xong trạng thái button thay đổi | D26: Bug | E26: QA Test | F26: done | J26: Lục Tiến Đạt | K26: Trịnh Thị Thơ
A27: 2026-02-02 15:16 | B27: TICKET-5183 | C27: Fix crash | D27: Task | E27: Dev | F27: done | K27: Nguyễn Bảo Ngọc
A28: 2026-02-02 16:33 | B28: TICKET-5195 | C28: 86. Sửa lại text author màn View video trending | D28: Task | E28: QA Test | F28: done | J28: Bùi Văn Tiến | K28: Kim Ngọc
A29: 2026-02-02 17:07 | B29: TICKET-5196 | C29: 87. Sửa lại UI | D29: Task | E29: QA Test | F29: all issue | J29: Bùi Văn Tiến | K29: Kim Ngọc
A30: 2026-02-02 17:16 | B30: TICKET-5197 | C30: 88. Luồng play game khác khi chọn content ở màn Result, Download successful | D30: Task | E30: QA Test | F30: done | G30: urgent | J30: Bùi Văn Tiến | K30: Kim Ngọc
A31: 2026-02-02 17:46 | B31: TICKET-5199 | C31: Demo core feature app mới | D31: Task | F31: pending | H31: Fun Filter | K31: Dương Thế Tài
A32: 2026-02-03 10:00 | B32: TICKET-5274 | C32: Task bổ sung: Refactor luồng dữ liệu View Content đi từ tất cả các luồng | D32: Task | E32: 1.0.1 - Thêm Ads/ Edit UI | F32: pending | K32: Nguyễn Nhật Minh | M32: 2026-02-03 09:00 | N32: 2026-02-04 12:00
A33: 2026-02-03 10:32 | B33: TICKET-5281 | C33: Bug 8: Tại màn Home không hiển thị các catagory | D33: Task | E33: QA Test | F33: qa - fix done | G33: urgent | J33: Phạm Văn Khải | K33: Lê Thị Dương
A34: 2026-02-03 10:42 | B34: TICKET-5285 | C34: Bug 1: qc category-bottom_native không reload lại khi click vào btn See more | D34: Task | E34: Bug 10: Lỗi QC | F34: qa - fix done | G34: high | J34: Phạm Văn Khải | K34: Lê Thị Dương
A35: 2026-02-03 10:57 | B35: TICKET-5287 | C35: 89. Màn Edit video: Lỗi crash khi cut video | D35: Task | E35: QA Test | F35: done | G35: urgent | J35: Bùi Văn Tiến | K35: Kim Ngọc
A36: 2026-02-03 11:20 | B36: TICKET-5293 | C36: 90. Crash màn Camera | D36: Task | E36: QA Test | F36: done | J36: Ngọc Văn Linh | K36: Kim Ngọc
A37: 2026-02-03 16:04 | B37: TICKET-5294 | C37: Bug 9: Không ghép nhạc vào video được | D37: Task | E37: QA Test | F37: qa - fix done | G37: high | J37: Phạm Văn Khải | K37: Lê Thị Dương
A38: 2026-02-04 10:08 | B38: TICKET-5314 | C38: Bug 10: Lỗi QC | D38: Task | E38: QA Test | F38: qa - fix done | K38: Lê Thị Dương
A39: 2026-02-04 10:09 | B39: TICKET-5315 | C39: Bug 11: Khi click vào QC trên popup rending, sau đó tầm 5s quay trở lại ứng dụng thì không chuyển được màn | D39: Task | E39: QA Test | F39: qa - fix done | G39: high | J39: Phạm Văn Khải | K39: Lê Thị Dương
A40: 2026-02-04 10:24 | B40: TICKET-5316 | C40: Bug 12: Tỷ lệ show qc Splash-afterinter là thấp khoàng 50% | D40: Task | E40: QA Test | F40: all issue | G40: high | J40: Phạm Văn Khải | K40: Lê Thị Dương
A41: 2026-02-04 10:25 | B41: TICKET-5317 | C41: Bug 13: Khi click vào QC dưới chân màn download , sau đó tầm 5s quay trở lại ứng dụng thì không chuyển được màn | D41: Task | E41: QA Test | F41: qa - fix done | G41: high | J41: Phạm Văn Khải | K41: Lê Thị Dương
A42: 2026-02-04 14:59 | B42: TICKET-5329 | C42: 1.0.3 Edit ads/Add Tracking | D42: Task | F42: ready to release | H42: Xapk | J42: Bùi Văn Tiến, Lê Thị Dương, Nguyễn Nhật Minh | K42: Trần Nguyệt Ánh | L42: Sprint 15 (2/24 - 3/13) | M42: 2026-03-06 04:00 | N42: 2026-03-09 04:00
A43: 2026-02-04 15:12 | B43: TICKET-5330 | C43: Lưu ý: Các case QC khi bấm vào btn Try now | D43: Task | E43: QA Test | F43: qa - fix done | J43: Lê Thị Dương | K43: Lê Thị Dương
A44: 2026-02-04 15:16 | B44: TICKET-5331 | C44: Thêm Tracking | D44: Task | E44: Dev | F44: done | K44: Trần Nguyệt Ánh
A45: 2026-02-04 15:57 | B45: TICKET-5333 | C45: Bug 14: QC view_content-middle( xen kẽ giữa các content trên màn view content) hiển thị hình mũi tên trên QC | D45: Task | E45: QA Test | F45: qa - fix done | G45: high | J45: Phạm Văn Khải | K45: Lê Thị Dương
A46: 2026-02-04 16:57 | B46: TICKET-5336 | C46: Bug 15: Lỗi crash | D46: Task | E46: QA Test | F46: qa - cant fix | K46: Lê Thị Dương
A47: 2026-02-04 17:48 | B47: TICKET-5337 | C47: Chỉnh sửa flow | D47: Task | E47: 1.0.1 - Add Ads/ Edit UI/ Edit flow | F47: done | J47: Bùi Văn Tiến | K47: Dương Thế Tài
A48: 2026-02-05 09:33 | B48: TICKET-5338 | C48: QA Test | D48: Task | E48: 1.0.1 - Add Ads/ Edit UI/ Edit flow | F48: all issue | J48: Kim Ngọc | K48: Kim Ngọc
A49: 2026-02-05 13:56 | B49: TICKET-5357 | C49: 88. Fix UI Monster Hunt Game khi apply các ngôn ngữ ngược | D49: Task | E49: QA Test | F49: done | J49: Ngọc Văn Linh | K49: Kim Ngọc
A50: 2026-02-05 14:06 | B50: TICKET-5358 | C50: Bug 17: QC collection-bottom để biến "isCloseWhenClick": true, khi click vào QC không đóng qc | D50: Task | E50: QA Test | F50: qa - fix done | G50: high | J50: Phạm Văn Khải | K50: Lê Thị Dương
A51: 2026-02-05 14:23 | B51: TICKET-5359 | C51: 89. Lỗi ko lấy được content khi lần đầu dùng app | D51: Task | E51: QA Test | F51: done | J51: Bùi Văn Tiến | K51: Kim Ngọc
A52: 2026-02-05 14:56 | B52: TICKET-5362 | C52: 90. Lỗi hiệu ứng game bị lag khi đang play game | D52: Task | E52: QA Test | F52: qa - cant fix | J52: Ngọc Văn Linh | K52: Kim Ngọc
A53: 2026-02-05 17:02 | B53: TICKET-5394 | C53: Bug 18: Lỗi phát nhạc nằm đè lên qc Native full | D53: Task | E53: QA Test | F53: qa - fix done | G53: urgent | J53: Phạm Văn Khải | K53: Lê Thị Dương
A54: 2026-02-05 17:50 | B54: TICKET-5395 | C54: Dev | D54: Task | E54: 1.1.3 Add tracking/Fix showrate | F54: done | K54: Nguyễn Nhật Minh | M54: 2026-02-05 14:30 | N54: 2026-02-09 18:00
A55: 2026-02-05 17:51 | B55: TICKET-5396 | C55: QA Test | D55: Task | E55: 1.1.3 Add tracking/Fix showrate | F55: all issue | K55: Nguyễn Nhật Minh
A56: 2026-02-06 10:02 | B56: TICKET-5397 | C56: 1.0.8 - (Dùng code ver 1.0.6) | D56: Task | F56: ready to progress | H56: Game mode | J56: Nguyễn Nhật Minh | K56: Nguyễn Bảo Ngọc
A57: 2026-02-06 10:03 | B57: TICKET-5398 | C57: Edit ads | D57: Task | E57: 1.0.3 Edit ads/Add Tracking | F57: done | J57: Nguyễn Nhật Minh | K57: Nguyễn Bảo Ngọc | M57: 2026-03-04 04:00 | N57: 2026-03-05 04:00
A58: 2026-02-06 11:53 | B58: TICKET-5399 | C58: Bug 1: Lỗi UI | D58: Task | E58: QA Test | F58: qa - fix done | K58: Lê Thị Dương
A59: 2026-02-06 13:55 | B59: TICKET-5400 | C59: Bug 19: Lỗi phát nhạc đè lên qc native full khi bấm btn try again trên màn Preview | D59: Task | E59: QA Test | F59: qa - fix done | G59: high | J59: Phạm Văn Khải | K59: Lê Thị Dương
A60: 2026-02-06 14:04 | B60: TICKET-5401 | C60: Bug 20: Lỗi phát nhạc đè lên qc native full khi bấm btn Try Now trên màn View Content | D60: Task | E60: QA Test | F60: qa - fix done | G60: high | J60: Phạm Văn Khải | K60: Lê Thị Dương
A61: 2026-02-06 15:10 | B61: TICKET-5402 | C61: Họp Tổng kết | D61: Task | E61: 1.0.0 Gun Challenge MVP | F61: all issue | K61: Lục Tiến Đạt
A62: 2026-02-06 15:32 | B62: TICKET-5403 | C62: Họp Tổng kết | D62: Task | E62: 1.0.0 LoveTest sản xuất ứng dụng | F62: ready to release | K62: Lục Tiến Đạt
A63: 2026-02-06 16:26 | B63: TICKET-5404 | C63: Bug 21: Video content bị đen, vẫn phát âm thanh, trượt lên, trượt xuống vẫn hiển thị video+ âm thanh như bình thường | D63: Task | E63: QA Test | F63: all issue | G63: high | J63: Phạm Văn Khải | K63: Lê Thị Dương
A64: 2026-02-09 11:15 | B64: TICKET-5454 | C64: Sửa lỗi tracking af bắn nhiều lần | D64: Task | E64: 1.0.1 - Thêm Ads/ Edit UI | F64: done | J64: Lục Tiến Đạt | K64: Lục Tiến Đạt
A65: 2026-02-09 15:51 | B65: TICKET-5455 | C65: 1.0.9 Fix af tracking | D65: Task | F65: ready to release | H65: VPN | J65: Lục Tiến Đạt | K65: Lục Tiến Đạt | L65: Sprint 14 (1/26 - 2/12)
A66: 2026-02-09 16:00 | B66: TICKET-5456 | C66: 1.0.2 fix af tracking | D66: Task | F66: ready to release | H66: Xapk | J66: Lục Tiến Đạt | K66: Lục Tiến Đạt | L66: Sprint 14 (1/26 - 2/12)
A67: 2026-02-09 18:06 | B67: TICKET-5460 | C67: Bug ads TT: Quảng cáo màn " Dowload video" quảng cáo bị lồng giữa openads và inter (xem video) | D67: Bug | E67: QA Test | F67: done | J67: Lục Tiến Đạt, Ngọc Văn Linh | K67: Trịnh Thị Thơ
A68: 2026-02-10 09:56 | B68: TICKET-5463 | C68: Fix show rate | D68: Task | E68: 1.0.7 Update module IAP/Fix bug/Show rate | F68: done | J68: Trịnh Thị Thơ | K68: Nguyễn Ngọc Hạnh Ngân
A69: 2026-02-10 12:03 | B69: TICKET-5464 | C69: Lỗi crash khi export video trên android 9 | D69: Task | E69: QA Test | F69: done | K69: Kim Ngọc
A70: 2026-02-10 14:07 | B70: TICKET-5466 | C70: QA Test | D70: Task | E70: 1.0.6 Fix showrate/ Edit ads/ Add ads/ Fix crash/Add tracking | F70: all issue | K70: Nguyễn Nhật Minh | M70: 2026-02-27 04:00 | N70: 2026-03-03 18:00
A71: 2026-02-10 14:30 | B71: TICKET-5473 | C71: Lỗi qc prv_monster_bonus:Cả 3 cái cùng failed -> Xảy ra tình trạng trờ về màn play lâu và hiển thị toast "something error" | D71: Task | E71: QA Test | F71: ready to qa-testing | K71: Kim Ngọc
A72: 2026-02-10 14:35 | B72: TICKET-5474 | C72: Sửa lại UI dialog reward prv_monster_bonus, prv_target_bonus, prv_explosive_bonus | D72: Task | E72: QA Test | F72: done | K72: Kim Ngọc
A73: 2026-02-10 15:57 | B73: TICKET-5477 | C73: Thêm luồng inter sang preload | D73: Task | E73: 1.1.4 Update IAP/ Edit Sub/ Fix show rate | F73: done | J73: Lê Thị Dương | K73: Nguyễn Ngọc Hạnh Ngân
A74: 2026-02-10 17:27 | B74: TICKET-5478 | C74: Lỗi crash khi sai id reward prv_monster_bonus, sai id inter prv_recorded-again | D74: Task | E74: QA Test | F74: ready to qa-testing | K74: Kim Ngọc
A75: 2026-02-10 17:35 | B75: TICKET-5479 | C75: 1.0.2 - Thêm facebooksdk | D75: Task | F75: ready to release | H75: Lovetest | J75: Lục Tiến Đạt | K75: Lục Tiến Đạt | L75: Sprint 14 (1/26 - 2/12)
A76: 2026-02-11 09:54 | B76: TICKET-5481 | C76: Lỗi UI dialog reward Game Monster Hunt | D76: Task | E76: QA Test | F76: qa - fix done | G76: normal | J76: Ngọc Văn Linh | K76: Lê Thị Dương
A77: 2026-02-11 11:08 | B77: TICKET-5490 | C77: Fix UI | D77: Task | E77: Dev | F77: done | K77: Nguyễn Ngọc Hạnh Ngân
A78: 2026-02-11 11:11 | B78: TICKET-5491 | C78: Edit luồng/ Add ads/ Add tracking | D78: Task | F78: all issue | H78: Led banner | K78: Nguyễn Ngọc Hạnh Ngân
A79: 2026-02-11 16:11 | B79: TICKET-5492 | C79: BA Test | D79: Task | E79: 1.1.3 Add tracking/Fix showrate | F79: done | J79: Trần Nguyệt Ánh | K79: Trần Nguyệt Ánh
A80: 2026-02-11 16:12 | B80: TICKET-5493 | C80: Thêm tracking | D80: Task | E80: BA Test | F80: done | J80: Trần Nguyệt Ánh | K80: Trần Nguyệt Ánh
A81: 2026-02-11 16:13 | B81: TICKET-5494 | C81: Bug1: Tên event bắn không khớp | D81: Task | E81: Thêm tracking | F81: done | K81: Trần Nguyệt Ánh
A82: 2026-02-11 17:00 | B82: TICKET-5495 | C82: Bug2: Bắn thừa event | D82: Task | E82: Thêm tracking | F82: done | K82: Trần Nguyệt Ánh
A83: 2026-02-11 17:16 | B83: TICKET-5496 | C83: Bug3: Lỗi tính năng apply sau khi back - trans wpp | D83: Task | E83: Thêm tracking | F83: done | K83: Trần Nguyệt Ánh
A84: 2026-02-11 17:32 | B84: TICKET-5497 | C84: Bug4: Lỗi tính năng | D84: Task | E84: Thêm tracking | F84: all issue | K84: Trần Nguyệt Ánh
A85: 2026-02-11 17:38 | B85: TICKET-5498 | C85: Bug5: Lỗi tính năng Apply- Live wallpaper | D85: Task | E85: Thêm tracking | F85: done | K85: Trần Nguyệt Ánh
A86: 2026-02-11 17:47 | B86: TICKET-5499 | C86: Monet nghiệm thu | D86: Task | E86: 1.0.8 - Edit Ads/ Fix show rate/ Edit UI/ Fix bug | F86: all issue | K86: Nguyễn Ngọc Hạnh Ngân
A87: 2026-02-11 17:47 | B87: TICKET-5500 | C87: Bug6: Không bắn event | D87: Task | E87: Thêm tracking | F87: done | K87: Trần Nguyệt Ánh
A88: 2026-02-11 17:47 | B88: TICKET-5501 | C88: Fix lỗi UI màn IAP | D88: Task | E88: Monet nghiệm thu | F88: all issue | K88: Nguyễn Ngọc Hạnh Ngân
A89: 2026-02-11 17:47 | B89: TICKET-5502 | C89: Fix lỗi UI quảng cáo | D89: Task | E89: Monet nghiệm thu | F89: all issue | K89: Nguyễn Ngọc Hạnh Ngân
A90: 2026-02-11 17:53 | B90: TICKET-5503 | C90: Fix show rate | D90: Task | E90: BA Test | F90: done | J90: Lê Thị Dương, Trần Nguyệt Ánh | K90: Trần Nguyệt Ánh
A91: 2026-02-11 17:59 | B91: TICKET-5504 | C91: bug1: Hiển thị thanh qc tại màn splash | D91: Task | E91: Fix show rate | F91: done | K91: Trần Nguyệt Ánh
A92: 2026-02-11 18:19 | B92: TICKET-5506 | C92: bug2: qc wallpaper-between show trước khi đến ads | D92: Task | E92: Fix show rate | F92: done | K92: Trần Nguyệt Ánh
A93: 2026-02-11 18:23 | B93: TICKET-5507 | C93: bug3: qc wallpaper-prv1 load trước khi vào màn Màn wallpaper preview | D93: Task | E93: Fix show rate | F93: done | K93: Trần Nguyệt Ánh
A94: 2026-02-12 09:56 | B94: TICKET-5508 | C94: Monet test | D94: Task | E94: 1.1.3 Add tracking/Fix showrate | F94: all issue | K94: Nguyễn Ngọc Hạnh Ngân
A95: 2026-02-12 09:58 | B95: TICKET-5509 | C95: Quảng cáo onboardfull2.1 tự động request và show qc mới khi vuốt qua vuốt lại và preloadaftershow trên remote tắt | D95: Task | E95: Monet test | F95: ready to qa-testing | K95: Nguyễn Ngọc Hạnh Ngân
A96: 2026-02-12 10:11 | B96: TICKET-5511 | C96: Ấn apply live wallpaper -> qc load failed -> không chuyển màn | D96: Task | E96: Monet test | F96: internal - need fix | K96: Nguyễn Ngọc Hạnh Ngân
A97: 2026-02-12 10:19 | B97: TICKET-5512 | C97: chọn chức năng custom -> chọn ảnh -> ấn apply -> bị thoát app | D97: Task | E97: Monet test | F97: internal - need fix | K97: Nguyễn Ngọc Hạnh Ngân
A98: 2026-02-12 14:04 | B98: TICKET-5513 | C98: Monet test | D98: Task | E98: 1.0.1 - Add Ads/ Edit UI/ Edit flow | F98: all issue | K98: Nguyễn Ngọc Hạnh Ngân
A99: 2026-02-12 14:05 | B99: TICKET-5514 | C99: Fix design qc explosive_listlv-bottom -> đè lên button | D99: Task | E99: Monet test | F99: qa - fix done | K99: Nguyễn Ngọc Hạnh Ngân
A100: 2026-02-12 14:38 | B100: TICKET-5515 | C100: QA Test | D100: Task | E100: 1.0.7 Update module IAP/Fix bug/Show rate | F100: all issue | K100: Lê Thị Dương
...

Sheet Tháng 3
A1: Ngày lên đơn | B1: ID | C1: Tên task | D1: Loại | E1: Task cha | F1: Trạng thái | G1: Ưu tiên | H1: App Name | I1: Task type | J1: Người làm | K1: Người tạo | L1: Sprint | M1: Start date | N1: Due date | O1: Ngày đóng | P1: Điểm | Q1: Đánh giá DEV | R1: Đánh giá Test
A2: 2026-03-02 11:58 | B2: TICKET-5630 | C2: Bug 1: Quảng cáo dưới chân màn hình XAP & APK Manager không hiển thị sau khi thu hồi quyền hệ thống | D2: Task | E2: QA Test | F2: qa - need fix | G2: high | J2: Nguyễn Nhật Minh | K2: Lê Thị Dương
A3: 2026-03-02 13:44 | B3: TICKET-5631 | C3: Bug 2: Tại vị trí quảng cáo language2.1_native( có bật) nhưng không show được quảng cáo | D3: Task | E3: QA Test | F3: need to be clean | G3: normal | J3: Nguyễn Nhật Minh | K3: Lê Thị Dương
A4: 2026-03-02 13:44 | B4: TICKET-5632 | C4: Bug 3: Khi click vào qc Language 1.1 sau đó quay trở lại ứng dụng=> không show qc Language 2.2 | D4: Task | E4: QA Test | F4: done | G4: normal | J4: Nguyễn Nhật Minh | K4: Lê Thị Dương
A5: 2026-03-02 14:32 | B5: TICKET-5634 | C5: Bug 4: Qc QC native inline tại tab zip extractor (bật) không loading được quảng cáo | D5: Task | E5: QA Test | F5: need to be clean | G5: normal | J5: Nguyễn Nhật Minh | K5: Lê Thị Dương
A6: 2026-03-02 17:16 | B6: TICKET-5635 | C6: Bug 5: Tại màn XAPK & APK Manager-> Nhấn btn Install-> bắn qc inter-> tắt qc Inter=> Trở về màn XAP Manager & không hiển thị dialog hệ thống " "Bạn có muốn cài đặt ứng dụng này không"?" | D6: Task | E6: QA Test | F6: done | G6: high | J6: Nguyễn Nhật Minh | K6: Lê Thị Dương
A7: 2026-03-02 17:53 | B7: TICKET-5636 | C7: Tap vào ... của màn music không chọn được chức năng. Xem ảnh => MM : Click sử dụng được chức năng của dấu ... | D7: Bug | E7: QA Test | F7: done | J7: Nguyễn Nhật Minh | K7: Trịnh Thị Thơ
A8: 2026-03-03 14:40 | B8: TICKET-5648 | C8: QA Test | D8: Task | E8: Thêm luồng inter sang preload | F8: done | J8: Lê Thị Dương | K8: Lê Thị Dương
A9: 2026-03-03 14:43 | B9: TICKET-5650 | C9: Bug 1: Không chuyển màn sau khi tắt quảng cáo Interstitial khi chọn các tính năng trong Famous Place. | D9: Task | E9: QA Test | F9: done | G9: high | J9: Phạm Văn Khải | K9: Lê Thị Dương
A10: 2026-03-03 14:43 | B10: TICKET-5651 | C10: 1. Gif splash không hoạt động | D10: Task | E10: QA test | F10: done | K10: Kim Ngọc
A11: 2026-03-03 14:50 | B11: TICKET-5652 | C11: Bug 2: Lỗi UI dialog IAP tại màn Home | D11: Task | E11: QA Test | F11: qa - fix done | G11: high | J11: Phạm Văn Khải | K11: Lê Thị Dương
A12: 2026-03-03 15:04 | B12: TICKET-5653 | C12: Bug 3: Crash | D12: Task | E12: QA Test | F12: done | G12: urgent | J12: Phạm Văn Khải | K12: Lê Thị Dương
A13: 2026-03-03 16:19 | B13: TICKET-5655 | C13: Bug 4: Tắt hết tất cả vị trí Inter trên màn Home đi nhưng vẫn show quy tắc hiển thị dialog IAP sau bao nhiêu inter | D13: Task | E13: QA Test | F13: done | G13: high | J13: Phạm Văn Khải | K13: Lê Thị Dương
A14: 2026-03-03 16:20 | B14: TICKET-5656 | C14: Bug 5: Mất hình ảnh trên dialog Watch | D14: Task | E14: QA Test | F14: done | G14: normal | J14: Phạm Văn Khải | K14: Lê Thị Dương
A15: 2026-03-04 09:56 | B15: TICKET-5659 | C15: Fix UI | D15: Task | E15: Fix UI/Edit IAP | F15: all issue | K15: Nguyễn Ngọc Hạnh Ngân
A16: 2026-03-04 09:56 | B16: TICKET-5660 | C16: Edit/Update IAP | D16: Task | E16: Fix UI/Edit IAP | F16: all issue | K16: Nguyễn Ngọc Hạnh Ngân
A17: 2026-03-04 10:27 | B17: TICKET-5661 | C17: 2. Nav sai màn | D17: Task | E17: QA test | F17: done | K17: Kim Ngọc
A18: 2026-03-04 10:36 | B18: TICKET-5662 | C18: 1.0.0 - Speaker Cleaner 2 | D18: Task | F18: ready to release | H18: Speak2 | K18: Phạm Văn Khải
A19: 2026-03-04 10:37 | B19: TICKET-5663 | C19: Màn Splash | D19: Task | E19: 1.0.0 - Speaker Cleaner 2 R1 | F19: ready to qa-testing | J19: Bùi Văn Tiến | K19: Phạm Văn Khải | M19: 2026-03-04 13:30 | N19: 2026-03-04 15:00
A20: 2026-03-04 10:38 | B20: TICKET-5664 | C20: Màn Language | D20: Task | E20: 1.0.0 - Speaker Cleaner 2 R1 | F20: ready to qa-testing | J20: Bùi Văn Tiến | K20: Phạm Văn Khải | M20: 2026-03-04 15:00 | N20: 2026-03-04 18:00
A21: 2026-03-04 10:38 | B21: TICKET-5665 | C21: Màn Applying Language | D21: Task | E21: 1.0.0 - Speaker Cleaner 2 R1 | F21: ready to qa-testing | J21: Bùi Văn Tiến | K21: Phạm Văn Khải | M21: 2026-03-05 09:30 | N21: 2026-03-05 12:00
A22: 2026-03-04 10:38 | B22: TICKET-5666 | C22: Màn Onboarding | D22: Task | E22: 1.0.0 - Speaker Cleaner 2 R1 | F22: ready to qa-testing | J22: Bùi Văn Tiến | K22: Phạm Văn Khải | M22: 2026-03-05 13:30 | N22: 2026-03-05 16:00
A23: 2026-03-04 10:38 | B23: TICKET-5667 | C23: Màn Setting | D23: Task | E23: 1.0.0 - Speaker Cleaner 2 R1 | F23: ready to qa-testing | J23: Bùi Văn Tiến | K23: Phạm Văn Khải | M23: 2026-03-05 16:00 | N23: 2026-03-05 18:00
A24: 2026-03-04 10:38 | B24: TICKET-5668 | C24: Màn Home | D24: Task | E24: 1.0.0 - Speaker Cleaner 2 R1 | F24: ready to qa-testing | J24: Bùi Văn Tiến | K24: Phạm Văn Khải | M24: 2026-03-06 09:30 | N24: 2026-03-06 12:00
A25: 2026-03-04 10:39 | B25: TICKET-5669 | C25: Màn List Mode Clean Type | D25: Task | E25: 1.0.0 - Speaker Cleaner 2 R1 | F25: ready to qa-testing | J25: Phạm Văn Khải | K25: Phạm Văn Khải
A26: 2026-03-04 10:40 | B26: TICKET-5670 | C26: Màn Setup Guide | D26: Task | E26: 1.0.0 - Speaker Cleaner 2 R1 | F26: ready to qa-testing | J26: Phạm Văn Khải | K26: Phạm Văn Khải
A27: 2026-03-04 10:57 | B27: TICKET-5671 | C27: Màn Cleaning Phone | D27: Task | E27: 1.0.0 - Speaker Cleaner 2 R2 | F27: ready to qa-testing | J27: Phạm Văn Khải | K27: Phạm Văn Khải
A28: 2026-03-04 10:58 | B28: TICKET-5672 | C28: Màn Speaker Refreshed | D28: Task | E28: 1.0.0 - Speaker Cleaner 2 R2 | F28: ready to qa-testing | J28: Bùi Văn Tiến | K28: Phạm Văn Khải | M28: 2026-03-16 09:00 | N28: 2026-03-16 18:00
A29: 2026-03-04 10:58 | B29: TICKET-5673 | C29: Màn Success | D29: Task | E29: 1.0.0 - Speaker Cleaner 2 R2 | F29: ready to qa-testing | J29: Phạm Văn Khải | K29: Phạm Văn Khải | M29: 2026-03-11 09:30 | N29: 2026-03-11 12:00
A30: 2026-03-04 10:59 | B30: TICKET-5674 | C30: Màn Clean Custom | D30: Task | E30: 1.0.0 - Speaker Cleaner 2 R1 | F30: ready to qa-testing | J30: Bùi Văn Tiến | K30: Phạm Văn Khải | M30: 2026-03-06 15:00 | N30: 2026-03-10 18:00
A31: 2026-03-04 11:02 | B31: TICKET-5675 | C31: UI | D31: Task | E31: Màn List Mode Clean Type | F31: ready to qa-testing | J31: Phạm Văn Khải | K31: Phạm Văn Khải
A32: 2026-03-04 11:02 | B32: TICKET-5676 | C32: Setup Database | D32: Task | E32: Màn List Mode Clean Type | F32: ready to qa-testing | J32: Phạm Văn Khải | K32: Phạm Văn Khải
A33: 2026-03-04 11:03 | B33: TICKET-5677 | C33: Logic get, show data | D33: Task | E33: Màn List Mode Clean Type | F33: ready to qa-testing | J33: Phạm Văn Khải | K33: Phạm Văn Khải
A34: 2026-03-04 11:05 | B34: TICKET-5678 | C34: UI | D34: Task | E34: Màn Splash | F34: in progress | K34: Bùi Văn Tiến | M34: 2026-03-04 13:30 | N34: 2026-03-04 16:00
A35: 2026-03-04 11:05 | B35: TICKET-5679 | C35: UI | D35: Task | E35: Màn Language | F35: all issue | K35: Bùi Văn Tiến
A36: 2026-03-04 11:05 | B36: TICKET-5680 | C36: LOGIC | D36: Task | E36: Màn Language | F36: all issue | K36: Bùi Văn Tiến
A37: 2026-03-04 11:05 | B37: TICKET-5681 | C37: UI | D37: Task | E37: Màn Applying Language | F37: all issue | K37: Bùi Văn Tiến
A38: 2026-03-04 11:05 | B38: TICKET-5682 | C38: LOGIC | D38: Task | E38: Màn Applying Language | F38: all issue | K38: Bùi Văn Tiến
A39: 2026-03-04 11:05 | B39: TICKET-5683 | C39: UI | D39: Task | E39: Màn Onboarding | F39: all issue | K39: Bùi Văn Tiến
A40: 2026-03-04 11:05 | B40: TICKET-5684 | C40: LOGIC | D40: Task | E40: Màn Onboarding | F40: all issue | K40: Bùi Văn Tiến
A41: 2026-03-04 11:05 | B41: TICKET-5685 | C41: UI | D41: Task | E41: Màn Setting | F41: all issue | K41: Bùi Văn Tiến
A42: 2026-03-04 11:05 | B42: TICKET-5686 | C42: LOGIC | D42: Task | E42: Màn Setting | F42: all issue | K42: Bùi Văn Tiến
A43: 2026-03-04 11:06 | B43: TICKET-5687 | C43: UI | D43: Task | E43: Màn Setup Guide | F43: ready to qa-testing | K43: Phạm Văn Khải
A44: 2026-03-04 11:06 | B44: TICKET-5688 | C44: UI | D44: Task | E44: Màn Home | F44: all issue | K44: Bùi Văn Tiến
A45: 2026-03-04 11:06 | B45: TICKET-5689 | C45: LOGIC | D45: Task | E45: Màn Home | F45: all issue | K45: Bùi Văn Tiến
A46: 2026-03-04 11:07 | B46: TICKET-5690 | C46: UI | D46: Task | E46: Màn Speaker Refreshed | F46: ready to qa-testing | K46: Bùi Văn Tiến
... A55: 2026-03-04 11:12 | B55: TICKET-5699 | C55: UI | D55: Task | E55: Màn Cleaning Phone | F55: all issue | K55: Phạm Văn Khải
A56: 2026-03-04 11:17 | B56: TICKET-5701 | C56: Màn Download Sound | D56: Task | E56: 1.0.0 - Speaker Cleaner 2 R1 | F56: ready to qa-testing | J56: Phạm Văn Khải | K56: Phạm Văn Khải
A57: 2026-03-04 11:17 | B57: TICKET-5702 | C57: UI | D57: Task | E57: Màn Download Sound | F57: ready to qa-testing | K57: Phạm Văn Khải
A58: 2026-03-04 11:17 | B58: TICKET-5703 | C58: Luồng Navigate | D58: Task | E58: Màn Download Sound | F58: ready to qa-testing | K58: Phạm Văn Khải
A59: 2026-03-04 11:34 | B59: TICKET-5705 | C59: Bug1: Iap: Nếu đã mua 1 gói sub rồi →Hiện tại vẫn hiển thị các thông tin như khi chưa mua =>MM hiển thị tag current plan trong button và disable button subscribe khi chọn gói đã mua. | D59: Bug | E59: QA Test | F59: done | J59: Lục Tiến Đạt | K59: Trịnh Thị Thơ
A60: 2026-03-04 11:35 | B60: TICKET-5706 | C60: Monet test | D60: Task | E60: 1.0.5 Add tracking/Fix crash/ Add ads/ Fix show rate | F60: all issue | K60: Nguyễn Ngọc Hạnh Ngân
A61: 2026-03-04 11:36 | B61: TICKET-5707 | C61: Bug 1: Màn coin information ( trên tính năng Coin Collection): vẫn hiện thị khung loading ads nhưng ở vị trí này ko gắn ads | D61: Task | E61: Monet test | F61: all issue | J61: Ngọc Văn Linh | K61: Nguyễn Ngọc Hạnh Ngân
A62: 2026-03-04 11:37 | B62: TICKET-5708 | C62: Bug 2: Màn snap tips: qc native bottom lỗi hiển thị | D62: Task | E62: Monet test | F62: all issue | J62: Ngọc Văn Linh | K62: Nguyễn Ngọc Hạnh Ngân
A63: 2026-03-04 11:38 | B63: TICKET-5709 | C63: Bug 3: QC đầu tiên giữa các content của các cate trong list tips không hiển thị được | D63: Task | E63: Monet test | F63: all issue | J63: Ngọc Văn Linh | K63: Nguyễn Ngọc Hạnh Ngân
A64: 2026-03-04 13:41 | B64: TICKET-5710 | C64: 1.0.0 - Speaker Cleaner 2 R1 | D64: Task | E64: 1.0.0 - Speaker Cleaner 2 | F64: done | H64: Speak2 | J64: Bùi Văn Tiến, Kim Ngọc, Phạm Văn Khải | K64: Lục Tiến Đạt | L64: Sprint 15 (2/24 - 3/13) | N64: 2026-03-13 04:00
A65: 2026-03-04 14:25 | B65: TICKET-5711 | C65: Bug 4: Đổi ngôn ngữ trong setting -> app crash | D65: Task | E65: Monet test | F65: done | J65: Ngọc Văn Linh | K65: Nguyễn Ngọc Hạnh Ngân
A66: 2026-03-05 10:09 | B66: TICKET-5715 | C66: Bug 6: Khi click vào qc Language 1.1-> back lại thì show ra qc Language 2.1 | D66: Task | E66: QA Test | F66: done | G66: normal | J66: Nguyễn Nhật Minh | K66: Lê Thị Dương
A67: 2026-03-05 10:51 | B67: TICKET-5716 | C67: Bug 7: Khi click vào QC native tại chân tab xapk files -> bị xoay màn hình vào không đóng quảng cáo dù biến "isCloseWhenClick": true, | D67: Task | E67: QA Test | F67: done | G67: high | J67: Nguyễn Nhật Minh | K67: Lê Thị Dương
A68: 2026-03-05 11:22 | B68: TICKET-5717 | C68: Bug2: Remote f0 đang không hoạt động check lại (ảnh ) | D68: Bug | E68: QA Test | F68: done | J68: Lục Tiến Đạt | K68: Trịnh Thị Thơ
A69: 2026-03-05 11:35 | B69: TICKET-5718 | C69: Bug 8: Lỗi hiển thị quảng cáo trên màn Selected | D69: Task | E69: QA Test | F69: done | G69: high | J69: Nguyễn Nhật Minh | K69: Lê Thị Dương
A70: 2026-03-05 11:37 | B70: TICKET-5719 | C70: Bug 9: Không chuyển được sang màn tiếp theo khi bấm vào btn Extractor trên màn Selected khi để trường "isShowNativeAfterInter": false trên config | D70: Task | E70: QA Test | F70: done | G70: high | J70: Nguyễn Nhật Minh | K70: Lê Thị Dương
A71: 2026-03-05 14:14 | B71: TICKET-5720 | C71: Bug3: Đã mua gói weekly nhưng vẫn có quảng cáo . Xem video đính kèm => MM : Đã mua gói Weekly không hiện thị quảng cáo nữa | D71: Bug | E71: QA Test | F71: done | J71: Lục Tiến Đạt | K71: Trịnh Thị Thơ
A72: 2026-03-05 14:18 | B72: TICKET-5721 | C72: Bug 10: Tại qc native tại chân màn Zip Extractor để trường "isCloseWhenClick": true, -> khi click vào không đóng quảng cáo lại | D72: Task | E72: QA Test | F72: done | G72: high | J72: Nguyễn Nhật Minh | K72: Lê Thị Dương
A73: 2026-03-05 14:20 | B73: TICKET-5722 | C73: 1.0.5 - Add IAP/Edit ads | D73: Task | F73: pending | H73: Xapk | J73: Lục Tiến Đạt, Nguyễn Nhật Minh | K73: Nguyễn Ngọc Hạnh Ngân | L73: Sprint 16 (3/16 - 3/31), Sprint 17 (4/2 - 4/14), Sprint 18 (4/17 - 4/29)
A74: 2026-03-05 14:21 | B74: TICKET-5723 | C74: Edit luồng | D74: Task | E74: Edit luồng/ Add ads/ Add tracking | F74: all issue | K74: Nguyễn Ngọc Hạnh Ngân
A75: 2026-03-05 14:21 | B75: TICKET-5724 | C75: Add ads | D75: Task | E75: Edit luồng/ Add ads/ Add tracking | F75: all issue | K75: Nguyễn Ngọc Hạnh Ngân
A76: 2026-03-05 14:22 | B76: TICKET-5725 | C76: Add tracking | D76: Task | E76: Edit luồng/ Add ads/ Add tracking | F76: all issue | K76: Nguyễn Ngọc Hạnh Ngân
A77: 2026-03-05 14:22 | B77: TICKET-5726 | C77: Add IAP | D77: Task | E77: 1.0.5 - Add IAP/Edit ads | F77: done | J77: Nguyễn Nhật Minh | K77: Nguyễn Ngọc Hạnh Ngân
A78: 2026-03-05 14:23 | B78: TICKET-5727 | C78: Add ads | D78: Task | E78: 1.0.5 - Add IAP/Edit ads | F78: all issue | J78: Lục Tiến Đạt | K78: Nguyễn Ngọc Hạnh Ngân
A79: 2026-03-05 14:23 | B79: TICKET-5728 | C79: 1.0.3 - Edit ads/ Add tracking/Edit UI | D79: Task | F79: ready to release | H79: Gun Challenge | J79: Kim Ngọc, Linh Đặng, Ngọc Văn Linh, Nguyễn Tuyết Oanh | K79: Nguyễn Ngọc Hạnh Ngân | L79: Sprint 1 (5/22 - 6/5) | M79: 2026-05-18 13:30 | N79: 2026-05-21 18:00
A80: 2026-03-05 14:27 | B80: TICKET-5729 | C80: Chỉnh sửa ứng dụng Gun challenge | D80: Task | F80: all issue | K80: Dương Thế Tài
A81: 2026-03-05 14:29 | B81: TICKET-5730 | C81: 1.1.7 Add ads/ Fix show rate/ Fix UI | D81: Task | F81: ready to release | H81: Gold finder | J81: Nguyễn Nhật Minh, Trịnh Thị Thơ | K81: Nguyễn Ngọc Hạnh Ngân | L81: Sprint 15 (2/24 - 3/13)
A82: 2026-03-05 14:29 | B82: TICKET-5731 | C82: 1.1.1 Fix bug | D82: Task | F82: done | G82: normal | H82: PS Remote | J82: Lục Tiến Đạt, Phạm Văn Khải, Trịnh Thị Thơ | K82: Nguyễn Ngọc Hạnh Ngân
A83: 2026-03-05 14:30 | B83: TICKET-5732 | C83: Edit ads | D83: Task | E83: 1.0.7 Edit feature/Add rate | F83: done | J83: Lục Tiến Đạt | K83: Nguyễn Ngọc Hạnh Ngân | P83: 8
A84: 2026-03-05 14:30 | B84: TICKET-5733 | C84: Edit IAP | D84: Task | E84: 1.0.7 Edit feature/Add rate | F84: done | J84: Lục Tiến Đạt, Nguyễn Nhật Minh | K84: Nguyễn Ngọc Hạnh Ngân
A85: 2026-03-06 09:33 | B85: TICKET-5737 | C85: 3. Lỗi đưa app vào background bị mất dialog rating | D85: Task | E85: QA test | F85: done | K85: Kim Ngọc
A86: 2026-03-06 15:20 | B86: TICKET-5738 | C86: Edit ads | D86: Task | E86: 1.0.3 - Edit ads/ Add tracking/Edit UI | F86: done | J86: Ngọc Văn Linh | K86: Nguyễn Ngọc Hạnh Ngân | P86: 6
A87: 2026-03-06 15:20 | B87: TICKET-5739 | C87: Add tracking | D87: Task | E87: 1.0.3 - Edit ads/ Add tracking/Edit UI | F87: done | J87: Ngọc Văn Linh | K87: Nguyễn Ngọc Hạnh Ngân | P87: 6
A88: 2026-03-06 15:30 | B88: TICKET-5740 | C88: Add ads | D88: Task | E88: 1.1.7 Add ads/ Fix show rate/ Fix UI | F88: done | K88: Nguyễn Ngọc Hạnh Ngân
A89: 2026-03-06 15:30 | B89: TICKET-5741 | C89: Fix show rate | D89: Task | E89: 1.1.7 Add ads/ Fix show rate/ Fix UI | F89: done | K89: Nguyễn Ngọc Hạnh Ngân
A90: 2026-03-06 16:23 | B90: TICKET-5742 | C90: Fix UI | D90: Task | E90: 1.1.7 Add ads/ Fix show rate/ Fix UI | F90: done | K90: Nguyễn Ngọc Hạnh Ngân
A91: 2026-03-06 17:23 | B91: TICKET-5743 | C91: 1.1.9 - Edit ads/Update module/Edit IAP/Maintain | D91: Task | F91: ready to release | G91: normal | H91: SpeakerCleaner | J91: Kim Ngọc, Ngọc Văn Linh | K91: Nguyễn Ngọc Hạnh Ngân | L91: Sprint 16 (3/16 - 3/31), Sprint 17 (4/2 - 4/14), Sprint 18 (4/17 - 4/29), Sprint 19 (5/6 - 5/20)
A92: 2026-03-06 17:23 | B92: TICKET-5744 | C92: Edit ads | D92: Task | E92: 1.1.9 - Edit ads/Update module/Edit IAP/Maintain | F92: done | J92: Ngọc Văn Linh | K92: Nguyễn Ngọc Hạnh Ngân
A93: 2026-03-06 17:23 | B93: TICKET-5745 | C93: Update module qc | D93: Task | E93: 1.1.9 - Edit ads/Update module/Edit IAP/Maintain | F93: done | J93: Lục Tiến Đạt | K93: Nguyễn Ngọc Hạnh Ngân
A94: 2026-03-06 17:23 | B94: TICKET-5746 | C94: Edit IAP/Update module IAP | D94: Task | E94: 1.1.9 - Edit ads/Update module/Edit IAP/Maintain | F94: done | J94: Ngọc Văn Linh | K94: Nguyễn Ngọc Hạnh Ngân
A95: 2026-03-06 17:29 | B95: TICKET-5748 | C95: Tối ưu performance | D95: Task | E95: Edit luồng/ Add ads/ Add tracking | F95: all issue | K95: Nguyễn Ngọc Hạnh Ngân
A96: 2026-03-09 09:54 | B96: TICKET-5750 | C96: 1.0.2 - Edit UI/Edit flow/Add feature /Add tracking/ Edit ads | D96: Task | F96: ready to release | H96: Gun Challenge | J96: Lê Thị Dương, Ngọc Văn Linh | K96: Dương Thế Tài | L96: Sprint 15 (2/24 - 3/13), Sprint 16 (3/16 - 3/31) | M96: 2026-03-09 13:30 | N96: 2026-03-16 18:00
A97: 2026-03-09 10:00 | B97: TICKET-5751 | C97: Tab Frequency | D97: Task | E97: Màn Clean Custom | F97: ready to qa-testing | J97: Bùi Văn Tiến | K97: Bùi Văn Tiến
A98: 2026-03-09 10:00 | B98: TICKET-5752 | C98: Tab Vibration | D98: Task | E98: Màn Clean Custom | F98: ready to qa-testing | J98: Bùi Văn Tiến | K98: Bùi Văn Tiến
A99: 2026-03-09 10:39 | B99: TICKET-5755 | C99: QA Test | D99: Task | E99: 1.0.0 - Speaker Cleaner 2 R1 | F99: all issue | J99: Kim Ngọc | K99: Kim Ngọc
A100: 2026-03-09 10:39 | B100: TICKET-5756 | C100: 1.Sửa lại Text | D100: Task | E100: QA Test | F100: done | J100: Bùi Văn Tiến | K100: Kim Ngọc
A101: 2026-03-09 10:42 | B101: TICKET-5757 | C101: 2. Lỗi reload lại content | D101: Task | E101: QA Test | F101: done | J101: Phạm Văn Khải | K101: Kim Ngọc
A102: 2026-03-09 11:53 | B102: TICKET-5759 | C102: Chỉnh sửa UI Splash, Onboard, Change language | D102: Task | E102: 1.0.2 - Edit UI/Edit flow/Add feature /Add tracking/ Edit ads | F102: done | K102: Ngọc Văn Linh
A103: 2026-03-09 11:53 | B103: TICKET-5760 | C103: Thêm chức năng how to use | D103: Task | E103: 1.0.2 - Edit UI/Edit flow/Add feature /Add tracking/ Edit ads | F103: done | K103: Ngọc Văn Linh
A104: 2026-03-09 13:40 | B104: TICKET-5761 | C104: Thêm luồng mới và config A/B test | D104: Task | E104: 1.0.2 - Edit UI/Edit flow/Add feature /Add tracking/ Edit ads | F104: done | K104: Ngọc Văn Linh
A105: 2026-03-09 14:23 | B105: TICKET-5762 | C105: 3. Sai text sau khi back về màn Home | D105: Task | E105: QA Test | F105: done | J105: Bùi Văn Tiến | K105: Kim Ngọc
A106: 2026-03-09 15:13 | B106: TICKET-5763 | C106: 4. Màn tutorial gắn thiếu button Back | D106: Task | E106: QA Test | F106: done | J106: Phạm Văn Khải | K106: Kim Ngọc
A107: 2026-03-09 16:02 | B107: TICKET-5767 | C107: 5. Fix view click content | D107: Task | E107: QA Test | F107: done | J107: Phạm Văn Khải | K107: Kim Ngọc
A108: 2026-03-09 17:18 | B108: TICKET-5768 | C108: 6. Bỏ button Skip ở màn Tutorial cuối cùng | D108: Task | E108: QA Test | F108: done | J108: Phạm Văn Khải | K108: Kim Ngọc
...

Sheet Tháng 4
A1: Ngày lên đơn | B1: ID | C1: Tên task | D1: Loại | E1: Task cha | F1: Trạng thái | G1: Ưu tiên | H1: App Name | I1: Task type | J1: Người làm | K1: Người tạo | L1: Sprint | M1: Start date | N1: Due date | O1: Ngày đóng | P1: Điểm | Q1: Đánh giá DEV | R1: Đánh giá Test
A2: 2026-04-01 10:56 | B2: TICKET-7309 | C2: 1.0.1 - Add ads | D2: Task | F2: done | H2: Speak2 | J2: Bùi Văn Tiến, Kim Ngọc, Lục Tiến Đạt | K2: Nguyễn Ngọc Hạnh Ngân | L2: Sprint 17 (4/2 - 4/14) | N2: 2026-04-09 18:00
A3: 2026-04-01 11:00 | B3: TICKET-7310 | C3: Edit UI và logic màn language | D3: Task | E3: 1.0.3 - Edit ads/ Add tracking/Edit UI | F3: done | J3: Ngọc Văn Linh | K3: Nguyễn Ngọc Hạnh Ngân | P3: 1
A4: 2026-04-01 11:01 | B4: TICKET-7311 | C4: 1.0.6 - Fix crash/ Add tracking | D4: Task | F4: ready to progress | H4: metal detector | K4: Nguyễn Ngọc Hạnh Ngân
A5: 2026-04-01 11:02 | B5: TICKET-7314 | C5: 1.1.6 - Fix luồng/Edit ads/Add ads/ Edit UI | D5: Task | F5: ready to release | H5: sattelite | J5: Lục Tiến Đạt, Nguyễn Nhật Minh, Trịnh Thị Thơ | K5: Nguyễn Ngọc Hạnh Ngân | L5: Sprint 18 (4/17 - 4/29), Sprint 19 (5/6 - 5/20) | N5: 2026-05-06 04:00
A6: 2026-04-01 11:02 | B6: TICKET-7315 | C6: Fix luồng màn language | D6: Task | E6: 1.1.6 - Fix luồng/Edit ads/Add ads/ Edit UI | F6: done | K6: Nguyễn Ngọc Hạnh Ngân
A7: 2026-04-01 11:02 | B7: TICKET-7316 | C7: Edit qc naive after inter | D7: Task | E7: 1.1.6 - Fix luồng/Edit ads/Add ads/ Edit UI | F7: done | K7: Nguyễn Ngọc Hạnh Ngân
A8: 2026-04-01 11:21 | B8: TICKET-7317 | C8: 9. Lỗi Ui màn search street view map | D8: Task | E8: Bug 1: Lỗi UI các màn liên quan đến màn Street View 360 | F8: done | G8: normal | J8: Bùi Văn Tiến | K8: Lê Thị Dương
A9: 2026-04-01 11:22 | B9: TICKET-7318 | C9: 10. Lỗi Ui màn search street view map khi không có mạng | D9: Task | E9: Bug 1: Lỗi UI các màn liên quan đến màn Street View 360 | F9: done | G9: normal | J9: Bùi Văn Tiến | K9: Lê Thị Dương
A10: 2026-04-01 11:26 | B10: TICKET-7319 | C10: 11. Trên tất cả các Popup Watch đều thiếu biểu tượng lịch | D10: Task | E10: Bug 1: Lỗi UI các màn liên quan đến màn Street View 360 | F10: done | G10: normal | J10: Bùi Văn Tiến | K10: Lê Thị Dương
A11: 2026-04-02 10:06 | B11: TICKET-7320 | C11: QA Test | D11: Task | E11: MVP 1.0.0 - live video 2 R1 | F11: qa - testing | K11: Lục Tiến Đạt
A12: 2026-04-02 10:41 | B12: TICKET-7321 | C12: Bug 7: Danh sách "Famous Place" không tự động đẩy item đã xem xuống cuối hàng ( Đối với tất cả các màn trên tính năng Street View 360) | D12: Task | E12: QA Test | F12: done | G12: normal | J12: Nguyễn Nhật Minh | K12: Lê Thị Dương
A13: 2026-04-02 11:18 | B13: TICKET-7322 | C13: Bug 8: Crash | D13: Task | E13: QA Test | F13: done | G13: urgent | J13: Nguyễn Nhật Minh | K13: Lê Thị Dương
A14: 2026-04-02 11:32 | B14: TICKET-7323 | C14: Bug 9: Trên màn Street View 360 không hiển thị tháng/năm ( Lỗi trên tất cả các màn) | D14: Task | E14: QA Test | F14: done | G14: normal | J14: Nguyễn Nhật Minh | K14: Lê Thị Dương
A15: 2026-04-02 14:31 | B15: TICKET-7330 | C15: Bug 10: Sai điều hướng ( Lỗi bị lặp lại ở phần Map & History) | D15: Task | E15: QA Test | F15: done | G15: normal | J15: Nguyễn Nhật Minh | K15: Lê Thị Dương
A16: 2026-04-02 15:19 | B16: TICKET-7331 | C16: Bug 11: Màn hình Map hiển thị sai địa điểm cũ sau khi Back từ màn Street View 360 (Dữ liệu tìm kiếm mới bị ghi đè bởi dữ liệu cũ). | D16: Task | E16: QA Test | F16: done | G16: high | J16: Nguyễn Nhật Minh | K16: Lê Thị Dương
A17: 2026-04-02 15:21 | B17: TICKET-7332 | C17: Fix crash | D17: Task | E17: 1.0.6 - Fix crash/ Add tracking | F17: ready to progress | K17: Trần Nguyệt Ánh
A18: 2026-04-02 15:21 | B18: TICKET-7333 | C18: Add tracking | D18: Task | E18: 1.0.6 - Fix crash/ Add tracking | F18: ready to progress | K18: Trần Nguyệt Ánh
A19: 2026-04-03 14:26 | B19: TICKET-7335 | C19: Task Bổ Sung | D19: Task | E19: MVP 1.0.0 - live video 2 R2 | F19: ready to qa-testing | J19: Nguyễn Nhật Minh | K19: Nguyễn Nhật Minh
A20: 2026-04-03 14:27 | B20: TICKET-7336 | C20: Bổ sung Map + Pin Point + Dialog cho 3 maps 3 feature | D20: Task | E20: Task Bổ Sung | F20: ready to qa-testing | K20: Nguyễn Nhật Minh
A21: 2026-04-03 14:27 | B21: TICKET-7337 | C21: Dialog Maps | D21: Task | E21: Bổ sung Map + Pin Point + Dialog cho 3 maps 3 feature | F21: all issue | K21: Nguyễn Nhật Minh
A22: 2026-04-03 14:28 | B22: TICKET-7338 | C22: UI | D22: Task | E22: Dialog Maps | F22: all issue | K22: Nguyễn Nhật Minh
A23: 2026-04-03 14:28 | B23: TICKET-7339 | C23: Logic | D23: Task | E23: Dialog Maps | F23: all issue | K23: Nguyễn Nhật Minh
A24: 2026-04-03 14:28 | B24: TICKET-7340 | C24: Logic map chung | D24: Task | E24: Bổ sung Map + Pin Point + Dialog cho 3 maps 3 feature | F24: all issue | K24: Nguyễn Nhật Minh
A25: 2026-04-03 14:32 | B25: TICKET-7343 | C25: Bổ sung UI + Logic Adapter thay đổi location | D25: Task | E25: Phone Locator/ Màn map | F25: ready to qa-testing | K25: Nguyễn Nhật Minh
A26: 2026-04-06 14:03 | B26: TICKET-7458 | C26: MVP 1.0.0 - Wallpaper 2 | D26: Task | F26: ready to release | H26: wallpaper | K26: Ngọc Văn Linh
A27: 2026-04-06 14:28 | B27: TICKET-7469 | C27: Bug 1: UI Các màn | D27: Task | E27: QA Test | F27: done | G27: normal | J27: Nguyễn Nhật Minh | K27: Lê Thị Dương
A28: 2026-04-06 14:28 | B28: TICKET-7470 | C28: Bug 2: Trên Popup mất kết nối Internet click vào khoảng trắng đóng dialog lại | D28: Task | E28: QA Test | F28: done | G28: normal | J28: Nguyễn Nhật Minh | K28: Lê Thị Dương
A29: 2026-04-06 14:32 | B29: TICKET-7471 | C29: Bug 3: Tìm kiếm số điện thoại không hợp lệ không được lưu vào Lịch sử (History) | D29: Task | E29: QA Test | F29: done | G29: high | J29: Nguyễn Nhật Minh | K29: Lê Thị Dương
A30: 2026-04-06 14:38 | B30: TICKET-7472 | C30: Bug 4: Khi click vào quốc gia bất kỳ, mã quốc gia đó không được đẩy lên đầu danh sách | D30: Task | E30: QA Test | F30: done | G30: high | J30: Nguyễn Nhật Minh | K30: Lê Thị Dương
A31: 2026-04-06 14:47 | B31: TICKET-7473 | C31: QA: | D31: Task | E31: 1.1.1 Fix bug | F31: all issue | K31: Trịnh Thị Thơ
A32: 2026-04-06 14:49 | B32: TICKET-7474 | C32: Bug1: Text UI phần Tutorial khác với bản build xem ảnh. MM sửa đúng theo link figma: https://www.figma.com/design/NeCET4LMwkS0tdWUAvsYtc/PS-Remote_UI?node-id=10217-7908&t=5EY9fETA2qMaBPul-0 | D32: Bug | E32: QA: | F32: done | J32: Phạm Văn Khải | K32: Trịnh Thị Thơ
A33: 2026-04-06 15:04 | B33: TICKET-7476 | C33: Bug 5: Mã quốc gia không theo mặc định của ngôn ngữ máy | D33: Task | E33: QA Test | F33: done | G33: high | J33: Nguyễn Nhật Minh | K33: Lê Thị Dương
A34: 2026-04-06 15:11 | B34: TICKET-7477 | C34: Bug 6: Hệ thống ko trả về dữ liệu khi nhập số điện thoại tìm kiếm có chứa đầu số | D34: Task | E34: QA Test | F34: done | G34: high | J34: Nguyễn Nhật Minh | K34: Lê Thị Dương
A35: 2026-04-06 15:11 | B35: TICKET-7478 | C35: Bug 7: Trên Popup miễn trừ trách nhiêm, click vào khoảng trắng, đóng dialog lại | D35: Task | E35: QA Test | F35: done | G35: normal | J35: Nguyễn Nhật Minh | K35: Lê Thị Dương
A36: 2026-04-06 15:31 | B36: TICKET-7479 | C36: Bug2: Thay đổi luồng khi Search Console thất bại/ Device không có internet/ Đăng ký Console bằng Host IP thành công: | D36: Bug | E36: QA: | F36: done | J36: Phạm Văn Khải | K36: Trịnh Thị Thơ
A37: 2026-04-06 15:46 | B37: TICKET-7480 | C37: Bug 8: Sai điều hướng khi click back từ màn History của tính năng Phone Locator | D37: Task | E37: QA Test | F37: done | G37: high | J37: Nguyễn Nhật Minh | K37: Lê Thị Dương
A38: 2026-04-06 15:51 | B38: TICKET-7481 | C38: Bug 9: Tại màn Phone Locator click back bị sai điều hướng | D38: Task | E38: QA Test | F38: done | G38: high | J38: Nguyễn Nhật Minh | K38: Lê Thị Dương
A39: 2026-04-06 15:51 | B39: TICKET-7482 | C39: Bug 10: Quốc gia được chọn ko được ưu tiên đẩy lên đầu danh sách | D39: Task | E39: QA Test | F39: done | G39: normal | J39: Nguyễn Nhật Minh | K39: Lê Thị Dương
A40: 2026-04-06 15:55 | B40: TICKET-7483 | C40: Splash | D40: Task | E40: MVP 1.0.0 - Wallpaper 2 R1 | F40: ready to qa-testing | K40: Ngọc Văn Linh
A41: 2026-04-06 15:55 | B41: TICKET-7484 | C41: Language | D41: Task | E41: MVP 1.0.0 - Wallpaper 2 R1 | F41: ready to qa-testing | K41: Ngọc Văn Linh
A42: 2026-04-06 15:55 | B42: TICKET-7485 | C42: Change Language | D42: Task | E42: MVP 1.0.0 - Wallpaper 2 R1 | F42: ready to qa-testing | K42: Ngọc Văn Linh
A43: 2026-04-06 15:55 | B43: TICKET-7486 | C43: Onboard | D43: Task | E43: MVP 1.0.0 - Wallpaper 2 R1 | F43: ready to qa-testing | K43: Ngọc Văn Linh
A44: 2026-04-06 15:58 | B44: TICKET-7487 | C44: Bug 11: Lỗi không tìm kiếm được số điện thoại khi có chứa đầu số quốc gia tại màn Phone Locator. | D44: Task | E44: QA Test | F44: done | G44: high | J44: Nguyễn Nhật Minh | K44: Lê Thị Dương
A45: 2026-04-06 15:58 | B45: TICKET-7488 | C45: Bug 12: Lỗi UI tên địa điểm trên màn Phone Locator | D45: Task | E45: QA Test | F45: done | G45: normal | J45: Nguyễn Nhật Minh | K45: Lê Thị Dương
A46: 2026-04-06 15:58 | B46: TICKET-7489 | C46: Setting | D46: Task | E46: MVP 1.0.0 - Wallpaper 2 R1 | F46: ready to qa-testing | K46: Ngọc Văn Linh
A47: 2026-04-06 16:00 | B47: TICKET-7493 | C47: Home | D47: Task | E47: MVP 1.0.0 - Wallpaper 2 R1 | F47: ready to qa-testing | K47: Ngọc Văn Linh
A48: 2026-04-06 16:00 | B48: TICKET-7494 | C48: Collection | D48: Task | E48: MVP 1.0.0 - Wallpaper 2 R2 | F48: ready to qa-testing | K48: Ngọc Văn Linh | M48: 2026-05-06 14:00 | N48: 2026-05-06 18:00
A49: 2026-04-06 16:01 | B49: TICKET-7495 | C49: Search | D49: Task | E49: MVP 1.0.0 - Wallpaper 2 R2 | F49: ready to qa-testing | K49: Ngọc Văn Linh | M49: 2026-05-05 09:00 | N49: 2026-05-05 18:00
A50: 2026-04-06 16:01 | B50: TICKET-7496 | C50: My Wallpaper | D50: Task | E50: MVP 1.0.0 - Wallpaper 2 | F50: pending | K50: Ngọc Văn Linh
A51: 2026-04-06 16:03 | B51: TICKET-7501 | C51: Create Parallax Wallpaper | D51: Task | E51: MVP 1.0.0 - Wallpaper 2 | F51: pending | K51: Ngọc Văn Linh
A52: 2026-04-06 16:04 | B52: TICKET-7503 | C52: 1. Sai Ui popup mở rộng, thu nhỏ trên màn Phone Locator | D52: Task | E52: Bug 1: UI Các màn | F52: done | G52: normal | J52: Nguyễn Nhật Minh | K52: Lê Thị Dương
A53: 2026-04-06 16:05 | B53: TICKET-7504 | C53: Ui | D53: Task | E53: Home | F53: ready to qa-testing | K53: Ngọc Văn Linh
A54: 2026-04-06 16:07 | B54: TICKET-7506 | C54: Feat nav | D54: Task | E54: Home | F54: ready to qa-testing | K54: Ngọc Văn Linh
A55: 2026-04-06 16:08 | B55: TICKET-7507 | C55: Feat get data from server | D55: Task | E55: Home | F55: ready to qa-testing | K55: Ngọc Văn Linh
A56: 2026-04-06 16:09 | B56: TICKET-7508 | C56: 2. Sai màu trên Popup Map Type | D56: Task | E56: Bug 1: UI Các màn | F56: done | G56: normal | J56: Nguyễn Nhật Minh | K56: Lê Thị Dương
A57: 2026-04-06 16:09 | B57: TICKET-7509 | C57: Ui | D57: Task | E57: Search | F57: all issue | K57: Ngọc Văn Linh
A58: 2026-04-06 16:10 | B58: TICKET-7510 | C58: Feat search by item name | D58: Task | E58: Search | F58: all issue | K58: Ngọc Văn Linh
A59: 2026-04-06 16:12 | B59: TICKET-7511 | C59: Feat search by color | D59: Task | E59: Search | F59: all issue | K59: Ngọc Văn Linh
A60: 2026-04-06 16:13 | B60: TICKET-7513 | C60: Feat search by collection | D60: Task | E60: Search | F60: all issue | K60: Ngọc Văn Linh
A61: 2026-04-06 16:14 | B61: TICKET-7515 | C61: Feat search result | D61: Task | E61: Search Result | F61: all issue | K61: Ngọc Văn Linh
A62: 2026-04-06 16:15 | B62: TICKET-7517 | C62: Ui | D62: Task | E62: Collection | F62: all issue | K62: Ngọc Văn Linh
A63: 2026-04-06 16:16 | B63: TICKET-7518 | C63: Feat get data from server | D63: Task | E63: Collection | F63: all issue | K63: Ngọc Văn Linh
A64: 2026-04-06 16:16 | B64: TICKET-7519 | C64: Collection Detail | D64: Task | E64: MVP 1.0.0 - Wallpaper 2 R2 | F64: ready to qa-testing | K64: Ngọc Văn Linh | M64: 2026-05-07 09:00 | N64: 2026-05-07 12:00
A65: 2026-04-06 16:16 | B65: TICKET-7520 | C65: Search Result | D65: Task | E65: MVP 1.0.0 - Wallpaper 2 R2 | F65: ready to qa-testing | K65: Ngọc Văn Linh | M65: 2026-05-06 09:00 | N65: 2026-05-06 14:00
A66: 2026-04-06 16:17 | B66: TICKET-7521 | C66: Ui | D66: Task | E66: Collection Detail | F66: all issue | K66: Ngọc Văn Linh
A67: 2026-04-06 16:18 | B67: TICKET-7523 | C67: Feat nav | D67: Task | E67: Collection Detail | F67: all issue | K67: Ngọc Văn Linh
A68: 2026-04-06 16:18 | B68: TICKET-7525 | C68: Ui | D68: Task | E68: Search Result | F68: all issue | K68: Ngọc Văn Linh
A69: 2026-04-06 16:19 | B69: TICKET-7526 | C69: Ui | D69: Task | E69: My Wallpaper | F69: all issue | K69: Ngọc Văn Linh
A70: 2026-04-06 16:22 | B70: TICKET-7530 | C70: Feat tab wallpaper | D70: Task | E70: My Wallpaper | F70: all issue | K70: Ngọc Văn Linh
A71: 2026-04-06 16:31 | B71: TICKET-7535 | C71: Preview List Wallpaper | D71: Task | E71: MVP 1.0.0 - Wallpaper 2 R1 | F71: ready to qa-testing | K71: Ngọc Văn Linh
A72: 2026-04-06 16:36 | B72: TICKET-7537 | C72: 3. Sai màu UI danh sách mã quốc gia màn Phone Locator | D72: Task | E72: Bug 1: UI Các màn | F72: done | G72: normal | J72: Nguyễn Nhật Minh | K72: Lê Thị Dương
A73: 2026-04-06 16:44 | B73: TICKET-7541 | C73: Feat tab draft | D73: Task | E73: My Wallpaper | F73: all issue | K73: Ngọc Văn Linh
A74: 2026-04-06 16:47 | B74: TICKET-7542 | C74: Ui | D74: Task | E74: Preview List Wallpaper | F74: ready to qa-testing | K74: Ngọc Văn Linh
A75: 2026-04-06 16:48 | B75: TICKET-7544 | C75: Feat preview parallax | D75: Task | E75: Preview List Wallpaper | F75: ready to qa-testing | K75: Ngọc Văn Linh
A76: 2026-04-06 16:48 | B76: TICKET-7546 | C76: Feat preview live | D76: Task | E76: Preview List Wallpaper | F76: ready to qa-testing | K76: Ngọc Văn Linh
A77: 2026-04-06 16:49 | B77: TICKET-7547 | C77: Feat preview 4K | D77: Task | E77: Preview List Wallpaper | F77: ready to qa-testing | K77: Ngọc Văn Linh
A78: 2026-04-06 16:49 | B78: TICKET-7549 | C78: Feat preview my wallpaper | D78: Task | E78: Preview List Wallpaper | F78: pending | K78: Ngọc Văn Linh
A79: 2026-04-06 16:50 | B79: TICKET-7550 | C79: Feat preview create parallax | D79: Task | E79: Preview List Wallpaper | F79: pending | K79: Ngọc Văn Linh
A80: 2026-04-06 16:54 | B80: TICKET-7552 | C80: Preview Wallpaper | D80: Task | E80: MVP 1.0.0 - Wallpaper 2 R1 | F80: ready to qa-testing | K80: Ngọc Văn Linh
A81: 2026-04-06 16:54 | B81: TICKET-7554 | C81: Ui | D81: Task | E81: Preview Wallpaper | F81: ready to qa-testing | K81: Ngọc Văn Linh
A82: 2026-04-06 16:57 | B82: TICKET-7556 | C82: Feat animation effect zoom | D82: Task | E82: Preview Wallpaper | F82: ready to qa-testing | K82: Ngọc Văn Linh
A83: 2026-04-06 16:57 | B83: TICKET-7557 | C83: Feat animation effect drift | D83: Task | E83: Preview Wallpaper | F83: ready to qa-testing | K83: Ngọc Văn Linh
A84: 2026-04-06 16:57 | B84: TICKET-7559 | C84: Feat parallax effect strength | D84: Task | E84: Preview Wallpaper | F84: ready to qa-testing | K84: Ngọc Văn Linh
... A89: 2026-04-06 17:02 | B89: TICKET-7565 | C89: Apply Wallpaper Success | D89: Task | E89: MVP 1.0.0 - Wallpaper 2 R1 | F89: ready to qa-testing | K89: Ngọc Văn Linh
A90: 2026-04-06 17:02 | B90: TICKET-7566 | C90: Similar Wallpaper | D90: Task | E90: MVP 1.0.0 - Wallpaper 2 R2 | F90: ready to qa-testing | K90: Ngọc Văn Linh | M90: 2026-05-04 09:00 | N90: 2026-05-04 18:00
A91: 2026-04-06 17:02 | B91: TICKET-7567 | C91: Bổ sung Dialog mất mạng cho all case | D91: Task | E91: Task Bổ Sung | F91: ready to qa-testing | K91: Nguyễn Nhật Minh
A92: 2026-04-06 17:03 | B92: TICKET-7568 | C92: Ui | D92: Task | E92: Apply Wallpaper Success | F92: ready to qa-testing | K92: Ngọc Văn Linh
A93: 2026-04-06 17:03 | B93: TICKET-7570 | C93: Feat get list wallpaper similar | D93: Task | E93: Apply Wallpaper Success | F93: ready to qa-testing | K93: Ngọc Văn Linh
A94: 2026-04-06 17:05 | B94: TICKET-7571 | C94: Ui | D94: Task | E94: Similar Wallpaper | F94: all issue | K94: Ngọc Văn Linh
A95: 2026-04-06 17:05 | B95: TICKET-7572 | C95: Feat get list wallpaper similar | D95: Task | E95: Similar Wallpaper | F95: all issue | K95: Ngọc Văn Linh
A96: 2026-04-06 17:06 | B96: TICKET-7573 | C96: Feat item create new parallax wallpaper | D96: Task | E96: Similar Wallpaper | F96: all issue | K96: Ngọc Văn Linh
A97: 2026-04-06 17:11 | B97: TICKET-7575 | C97: Download Wallpaper | D97: Task | E97: MVP 1.0.0 - Wallpaper 2 R1 | F97: ready to qa-testing | K97: Ngọc Văn Linh
A98: 2026-04-06 17:11 | B98: TICKET-7576 | C98: Ui | D98: Task | E98: Download Wallpaper | F98: ready to qa-testing | K98: Ngọc Văn Linh
A99: 2026-04-06 17:13 | B99: TICKET-7577 | C99: Feat download content | D99: Task | E99: Download Wallpaper | F99: ready to qa-testing | K99: Ngọc Văn Linh
A100: 2026-04-06 17:20 | B100: TICKET-7582 | C100: Ui | D100: Task | E100: Create Parallax Wallpaper | F100: all issue | K100: Ngọc Văn Linh
A101: 2026-04-06 17:21 | B101: TICKET-7583 | C101: Feat render layers api | D101: Task | E101: Create Parallax Wallpaper | F101: all issue | K101: Ngọc Văn Linh
A102: 2026-04-06 17:21 | B102: TICKET-7584 | C102: Feat guide | D102: Task | E102: Create Parallax Wallpaper | F102: all issue | K102: Ngọc Văn Linh
... A117: 2026-04-06 17:30 | B117: TICKET-7599 | C117: Feat call api remove bg | D117: Task | E117: Remove Background | F117: all issue | K117: Ngọc Văn Linh
A118: 2026-04-07 09:38 | B118: TICKET-7601 | C118: MVP 1.0.0 - Wallpaper 2 R1 | D118: Task | E118: MVP 1.0.0 - Wallpaper 2 | F118: ready to release | H118: wallpaper | J118: Bùi Văn Tiến, Kim Ngọc, Ngọc Văn Linh | K118: Ngọc Văn Linh | L118: Sprint 17 (4/2 - 4/14), Sprint 18 (4/17 - 4/29), Sprint 19 (5/6 - 5/20) | M118: 2026-04-07 10:00 | N118: 2026-04-14 18:00
...

Sheet Tháng 5
A1: Ngày lên đơn | B1: ID | C1: Tên task | D1: Loại | E1: Task cha | F1: Trạng thái | G1: Ưu tiên | H1: App Name | I1: Task type | J1: Người làm | K1: Người tạo | L1: Sprint | M1: Start date | N1: Due date | O1: Ngày đóng | P1: Điểm | Q1: Đánh giá DEV | R1: Đánh giá Test
A2: 2026-05-04 09:43 | B2: TICKET-10693 | C2: 3. Không được close dialog khi click ngoài khu vực dialog/ reopen khi đưa app vào background | D2: Task | E2: QA Test | F2: done | K2: Kim Ngọc
A3: 2026-05-04 10:03 | B3: TICKET-10699 | C3: 4. Lỗi download content | D3: Task | E3: QA Test | F3: done | G3: urgent | K3: Kim Ngọc
A4: 2026-05-04 10:09 | B4: TICKET-10700 | C4: 5. Lỗi không apply wallpaper với một số content | D4: Task | E4: QA Test | F4: done | G4: urgent | K4: Kim Ngọc
A5: 2026-05-04 10:18 | B5: TICKET-10701 | C5: 6. Sau khi apply wallpaper lần 1 thì apply lần 2 không show màn Preview và Apply Successfull | D5: Task | E5: QA Test | F5: done | G5: urgent | K5: Kim Ngọc
A6: 2026-05-04 12:04 | B6: TICKET-10733 | C6: MO test | D6: Task | E6: 1.0.1 - Add ads/Edit UI | F6: done | J6: Nguyễn Ngọc Hạnh Ngân, Nguyễn Nhật Minh, Trịnh Thị Thơ | K6: Nguyễn Ngọc Hạnh Ngân
A7: 2026-05-04 12:04 | B7: TICKET-10734 | C7: Lỗi crash | D7: Task | E7: MO test | F7: done | K7: Nguyễn Ngọc Hạnh Ngân
A8: 2026-05-04 12:04 | B8: TICKET-10735 | C8: Kích thước quảng cáo native full sau inter đang không full toàn màn hình | D8: Task | E8: MO test | F8: done | K8: Nguyễn Ngọc Hạnh Ngân
A9: 2026-05-04 12:05 | B9: TICKET-10736 | C9: Thay đổi luồng xin quyền chức năng number search | D9: Task | E9: 1.0.1 - Add ads/Edit UI | F9: done | K9: Nguyễn Ngọc Hạnh Ngân
A10: 2026-05-04 12:05 | B10: TICKET-10737 | C10: Thay đổi luồng xin quyền chức năng live video/360 view | D10: Task | E10: 1.0.1 - Add ads/Edit UI | F10: done | K10: Nguyễn Ngọc Hạnh Ngân
A11: 2026-05-04 17:57 | B11: TICKET-11078 | C11: Nghiên cứu kỹ thuật và demo tính năng ứng dụng | D11: Task | F11: done | H11: Game Emulator | K11: Dương Thế Tài | L11: Sprint 19 (5/6 - 5/20) | M11: 2026-05-13 09:00 | N11: 2026-05-18 18:00
A12: 2026-05-04 18:10 | B12: TICKET-11084 | C12: Check lỗi tắt toàn bộ luồng onboarding nhưng vẫn hiển thị Onboard 1 | D12: Task | F12: all issue | H12: Nhiều App | K12: Nguyễn Ngọc Hạnh Ngân
A13: 2026-05-04 18:10 | B13: TICKET-11085 | C13: App lock | D13: Task | E13: Check lỗi tắt toàn bộ luồng onboarding nhưng vẫn hiển thị Onboard 1 | F13: all issue | K13: Nguyễn Ngọc Hạnh Ngân
A14: 2026-05-04 18:10 | B14: TICKET-11086 | C14: Color phone | D14: Task | E14: Check lỗi tắt toàn bộ luồng onboarding nhưng vẫn hiển thị Onboard 1 | F14: all issue | K14: Nguyễn Ngọc Hạnh Ngân
A15: 2026-05-04 18:10 | B15: TICKET-11087 | C15: Pet translator | D15: Task | E15: Check lỗi tắt toàn bộ luồng onboarding nhưng vẫn hiển thị Onboard 1 | F15: all issue | K15: Nguyễn Ngọc Hạnh Ngân
A16: 2026-05-04 18:10 | B16: TICKET-11088 | C16: Fake call | D16: Task | E16: Check lỗi tắt toàn bộ luồng onboarding nhưng vẫn hiển thị Onboard 1 | F16: all issue | K16: Nguyễn Ngọc Hạnh Ngân
A17: 2026-05-04 18:11 | B17: TICKET-11089 | C17: Fluid wallpaper | D17: Task | E17: Check lỗi tắt toàn bộ luồng onboarding nhưng vẫn hiển thị Onboard 1 | F17: all issue | K17: Nguyễn Ngọc Hạnh Ngân
A18: 2026-05-04 18:11 | B18: TICKET-11090 | C18: Game mode | D18: Task | E18: Check lỗi tắt toàn bộ luồng onboarding nhưng vẫn hiển thị Onboard 1 | F18: all issue | K18: Nguyễn Ngọc Hạnh Ngân
A19: 2026-05-04 18:11 | B19: TICKET-11091 | C19: Gun challenge | D19: Task | E19: Check lỗi tắt toàn bộ luồng onboarding nhưng vẫn hiển thị Onboard 1 | F19: done | K19: Nguyễn Ngọc Hạnh Ngân
A20: 2026-05-04 18:11 | B20: TICKET-11092 | C20: Number locator | D20: Task | E20: Check lỗi tắt toàn bộ luồng onboarding nhưng vẫn hiển thị Onboard 1 | F20: all issue | K20: Nguyễn Ngọc Hạnh Ngân
A21: 2026-05-04 18:11 | B21: TICKET-11093 | C21: Number tracker | D21: Task | E21: Check lỗi tắt toàn bộ luồng onboarding nhưng vẫn hiển thị Onboard 1 | F21: all issue | K21: Nguyễn Ngọc Hạnh Ngân
A22: 2026-05-04 18:11 | B22: TICKET-11094 | C22: Satellite | D22: Task | E22: Check lỗi tắt toàn bộ luồng onboarding nhưng vẫn hiển thị Onboard 1 | F22: all issue | K22: Nguyễn Ngọc Hạnh Ngân
A23: 2026-05-04 18:11 | B23: TICKET-11095 | C23: Spin wheel | D23: Task | E23: Check lỗi tắt toàn bộ luồng onboarding nhưng vẫn hiển thị Onboard 1 | F23: all issue | K23: Nguyễn Ngọc Hạnh Ngân
A24: 2026-05-04 18:11 | B24: TICKET-11096 | C24: Voice lock | D24: Task | E24: Check lỗi tắt toàn bộ luồng onboarding nhưng vẫn hiển thị Onboard 1 | F24: all issue | K24: Nguyễn Ngọc Hạnh Ngân
A25: 2026-05-05 09:51 | B25: TICKET-11106 | C25: Add ads/ Edit UI | D25: Task | F25: ready to release | H25: Prank sound | J25: Ngọc Văn Linh, Nguyễn Tuyết Oanh | K25: Nguyễn Ngọc Hạnh Ngân | L25: Sprint 1 (5/22 - 6/5)
A26: 2026-05-05 09:51 | B26: TICKET-12507 | C26: 1.2.8 Add ads/ Edit UI/Move store | D26: Task | F26: done | H26: FlashCall | J26: Bùi Văn Tiến, Linh Đặng | K26: Nguyễn Ngọc Hạnh Ngân | L26: Sprint 2 (6/5 - 6/19)
A27: 2026-05-05 10:30 | B27: TICKET-11107 | C27: Edit luồng language | D27: Task | E27: 1.0.7 Edit feature/Add rate | F27: done | J27: Lục Tiến Đạt | K27: Nguyễn Ngọc Hạnh Ngân | P27: 2
A28: 2026-05-05 13:39 | B28: TICKET-11109 | C28: 1.0.3 - Edit ads/ Edit luồng | D28: Task | F28: ready to release | H28: AR Dog | J28: Ngọc Văn Linh, Trịnh Thị Thơ | K28: Nguyễn Ngọc Hạnh Ngân | L28: Sprint 1 (5/22 - 6/5) | M28: 2026-05-11 13:30 | N28: 2026-05-12 18:00
A29: 2026-05-05 13:39 | B29: TICKET-11110 | C29: Edit ads | D29: Task | E29: 1.0.3 - Edit ads/ Edit luồng | F29: done | J29: Ngọc Văn Linh | K29: Nguyễn Ngọc Hạnh Ngân | P29: 4
A30: 2026-05-05 13:39 | B30: TICKET-11111 | C30: Edit luồng | D30: Task | E30: 1.0.3 - Edit ads/ Edit luồng | F30: pending | J30: Ngọc Văn Linh | K30: Nguyễn Ngọc Hạnh Ngân | P30: 3
A31: 2026-05-05 14:42 | B31: TICKET-11112 | C31: MVP 1.0.0 - Wallpaper 2 R2 | D31: Task | E31: MVP 1.0.0 - Wallpaper 2 | F31: ready to release | H31: wallpaper | J31: Bùi Văn Tiến, Kim Ngọc | K31: Lục Tiến Đạt | L31: Sprint 19 (5/6 - 5/20) | N31: 2026-05-14 18:00
A32: 2026-05-05 17:10 | B32: TICKET-11116 | C32: Update module IAP | D32: Task | E32: 1.0.9 - Add ads/Edit UI/Edit luồng | F32: done | K32: Nguyễn Ngọc Hạnh Ngân
A33: 2026-05-06 09:09 | B33: TICKET-11167 | C33: 2. Bỏ button Back ở màn IAP | D33: Task | E33: QA Test | F33: done | J33: Lục Tiến Đạt | K33: Kim Ngọc
A34: 2026-05-06 09:27 | B34: TICKET-11180 | C34: 3. Fix qc redust_list-next load tại màn dustCleaningMultiLevelFragment | D34: Task | E34: QA Test | F34: done | K34: Kim Ngọc
A35: 2026-05-06 09:40 | B35: TICKET-11182 | C35: QA testing: | D35: Bug | E35: 1.0.0 MVP version R2 | F35: qa - need fix | J35: Trần Đức An | K35: Trịnh Thị Thơ
A36: 2026-05-06 09:46 | B36: TICKET-11183 | C36: Bug1: Màn Enable Accessibility: thiếu icon "See Tutorial" (xem ảnh đính kèm) | D36: Bug | E36: I. Bug xin quyền | F36: done | J36: Trần Đức An | K36: Trịnh Thị Thơ
A37: 2026-05-06 09:49 | B37: TICKET-11184 | C37: 4. Qc cleanningdust startload ngay sau khi show (isPreLoad = false) | D37: Task | E37: QA Test | F37: done | K37: Kim Ngọc
A38: 2026-05-06 09:57 | B38: TICKET-11185 | C38: 5. Sửa load qc cleanningdust | D38: Task | E38: QA Test | F38: done | K38: Kim Ngọc
A39: 2026-05-06 10:00 | B39: TICKET-11186 | C39: 6. Close qc reward tabmanual_dust_max thì lại show inter | D39: Task | E39: QA Test | F39: done | K39: Kim Ngọc
A40: 2026-05-06 10:07 | B40: TICKET-11187 | C40: 7. Qc cleanningdust-end load lại sau khi show | D40: Task | E40: QA Test | F40: need to be clean | K40: Kim Ngọc
A41: 2026-05-06 10:09 | B41: TICKET-11188 | C41: Bug2: Màn Enable Accessibility: Chưa highline text : "Auto Clicker" | D41: Bug | E41: I. Bug xin quyền | F41: done | J41: Trần Đức An | K41: Trịnh Thị Thơ
A42: 2026-05-06 10:33 | B42: TICKET-11199 | C42: 8. Qc dustdone-reclean: Lỗi ko chuyển màn sau khi show qc và sửa lại qc load khi ấn reclean | D42: Task | E42: QA Test | F42: done | K42: Kim Ngọc
A43: 2026-05-06 10:46 | B43: TICKET-11200 | C43: 9. cleanningdust-done: Sau khi kết thúc level 5 không show qc | D43: Task | E43: QA Test | F43: done | K43: Kim Ngọc
A44: 2026-05-06 10:52 | B44: TICKET-11201 | C44: Bug3: Hệ thống hiển thị pop-up Can't Enable Accessibility?=> Nội dung text chưa được highline . (Xem ảnh đính kèm) | D44: Bug | E44: I. Bug xin quyền | F44: done | J44: Trần Đức An | K44: Trịnh Thị Thơ
A45: 2026-05-06 11:00 | B45: TICKET-11202 | C45: 10. Fix redust_list-level2 cho load mỗi level | D45: Task | E45: QA Test | F45: done | K45: Kim Ngọc
A46: 2026-05-06 11:21 | B46: TICKET-11203 | C46: Bug4: Phần Google Play User Data Policy chưa được hyperlink theo link Pravicy policy của hệ thống. | D46: Bug | E46: I. Bug xin quyền | F46: done | J46: Trần Đức An | K46: Trịnh Thị Thơ
A47: 2026-05-06 11:56 | B47: TICKET-11204 | C47: Bug5: Màn Required Permission: Nút back không back được(video đính kèm) | D47: Bug | E47: I. Bug xin quyền | F47: done | J47: Trần Đức An | K47: Trịnh Thị Thơ
A48: 2026-05-06 14:00 | B48: TICKET-11205 | C48: Fix crash | D48: Task | E48: 1.0.2 - Edit luồng/ Add ads/ Fix crash | F48: done | K48: Nguyễn Ngọc Hạnh Ngân
A49: 2026-05-06 14:04 | B49: TICKET-11206 | C49: 11. Fix UI dialod reward | D49: Task | E49: QA Test | F49: done | K49: Kim Ngọc
A50: 2026-05-06 14:13 | B50: TICKET-11207 | C50: 12. Qc cleanningwater: Sửa lại cho load khi ấn vào start mỗi level và reclean ở màn done cleaning | D50: Task | E50: QA Test | F50: done | K50: Kim Ngọc
A51: 2026-05-06 16:13 | B51: TICKET-11210 | C51: 13. rewater_list-level2, rewater_list-level3, rewater_list-level4, rewater_list-level5: Load khi done level trước | D51: Task | E51: QA Test | F51: done | K51: Kim Ngọc
A52: 2026-05-06 17:43 | B52: TICKET-11212 | C52: Bug1: Màn home Bỏ button" BATTLE BUTTON" . Thu nhỏ 2 icon "Nút check" Và "cài đặt" nhỏ lại giống Ui(Ảnh đính kèm) | D52: Bug | E52: II. Màn Home | F52: done | J52: Trần Đức An | K52: Trịnh Thị Thơ
A53: 2026-05-07 09:14 | B53: TICKET-11214 | C53: 7. Fix hết tất cả các dialog không được phép di chuyển tiến trình tải và không được ẩn đi khi click ngoài dialog | D53: Task | E53: QA Test | F53: done | G53: urgent | K53: Kim Ngọc
A54: 2026-05-07 09:26 | B54: TICKET-11215 | C54: 8. Lỗi khi click vào content của cate 2 nhưng lại show list content cate 1 | D54: Task | E54: QA Test | F54: all issue | K54: Kim Ngọc
A55: 2026-05-07 10:03 | B55: TICKET-11216 | C55: 9. Lỗi khi load lại content thì show không đúng cate | D55: Task | E55: QA Test | F55: all issue | K55: Kim Ngọc
A56: 2026-05-07 10:21 | B56: TICKET-11217 | C56: 10. Set Live Wallpaper: Wallpaper được set trên device nhưng không chuyển động như content | D56: Task | E56: QA Test | F56: need to be clean | K56: Kim Ngọc
A57: 2026-05-07 10:28 | B57: TICKET-11218 | C57: Fix crash | D57: Task | E57: 1.0.3 - Edit ads/ Edit luồng | F57: done | J57: Ngọc Văn Linh | K57: Nguyễn Ngọc Hạnh Ngân | P57: 1
A58: 2026-05-07 10:29 | B58: TICKET-11219 | C58: 11. Lỗi crash khi back ở màn Apply Succesfull (Parallax) | D58: Task | E58: QA Test | F58: done | G58: urgent | K58: Kim Ngọc
A59: 2026-05-07 10:40 | B59: TICKET-11220 | C59: 12. Live Wallpaper: Lỗi không đổi trạng thái Download sang Set Wallpaper trên content sau khi download xong | D59: Task | E59: QA Test | F59: done | G59: high | K59: Kim Ngọc
A60: 2026-05-07 11:05 | B60: TICKET-11221 | C60: 13. Lỗi view content | D60: Task | E60: QA Test | F60: done | G60: high | K60: Kim Ngọc
A61: 2026-05-07 11:52 | B61: TICKET-11222 | C61: 14. Content Live Wallpaper không được phát khi chưa download successfull | D61: Task | E61: QA Test | F61: done | G61: high | K61: Kim Ngọc
A62: 2026-05-07 13:46 | B62: TICKET-11223 | C62: 15. Fix lại bố cục list content ở màn Apply Succesful | D62: Task | E62: QA Test | F62: done | K62: Kim Ngọc
A63: 2026-05-07 13:55 | B63: TICKET-11224 | C63: 16. Lỗi UI khi load failed | D63: Task | E63: QA Test | F63: done | K63: Kim Ngọc
A64: 2026-05-07 14:13 | B64: TICKET-11225 | C64: 17. Lỗi tap Try again ở màn Home | D64: Task | E64: QA Test | F64: done | G64: urgent | K64: Kim Ngọc
A65: 2026-05-07 15:03 | B65: TICKET-11226 | C65: 18. Lỗi khi lost internet nhưng vẫn chuyển sang màn Download | D65: Task | E65: QA Test | F65: done | K65: Kim Ngọc
A66: 2026-05-07 15:14 | B66: TICKET-11227 | C66: 19. Lỗi màn View Wallpaper tap back về không đúng cate mà content đang view | D66: Task | E66: QA Test | F66: done | K66: Kim Ngọc
A67: 2026-05-07 16:17 | B67: TICKET-11228 | C67: 20. Thêm quyền download content cho device android 9 | D67: Task | E67: QA Test | F67: done | G67: urgent | K67: Kim Ngọc
A68: 2026-05-07 16:20 | B68: TICKET-11229 | C68: Bug1: Màn " Multi-Action Scripting" Tutorial luôn hiện icon đỏ cho tới khi user click vào đọc hướng dẫn sẽ ẩn icon. | D68: Bug | E68: III. Tính năng: Single-Target Clicker | F68: done | J68: Trần Đức An | K68: Trịnh Thị Thơ
A69: 2026-05-07 16:34 | B69: TICKET-11230 | C69: Bug2: Màn " Multi-Action Scripting "thanh floadting" đang bị đè lên button" Setting". | D69: Bug | E69: III. Tính năng: Single-Target Clicker | F69: done | J69: Trần Đức An | K69: Trịnh Thị Thơ
A70: 2026-05-07 16:38 | B70: TICKET-11231 | C70: 21. Lỗi không show dialog download failed trên android 9 | D70: Task | E70: QA Test | F70: done | G70: urgent | K70: Kim Ngọc
A71: 2026-05-07 17:59 | B71: TICKET-11251 | C71: 22. Fix logic hiển thị guide swipe | D71: Task | E71: QA Test | F71: done | K71: Kim Ngọc
A72: 2026-05-08 09:44 | B72: TICKET-11248 | C72: I. Bug xin quyền | D72: Task | E72: QA testing: | F72: done | K72: Trịnh Thị Thơ
A73: 2026-05-08 09:44 | B73: TICKET-11249 | C73: II. Màn Home | D73: Task | E73: QA testing: | F73: done | K73: Trịnh Thị Thơ
A74: 2026-05-08 09:45 | B74: TICKET-11250 | C74: 23. Bổ sung case lost internet ở màn Search | D74: Task | E74: QA Test | F74: done | K74: Kim Ngọc
A75: 2026-05-08 09:45 | B75: TICKET-11252 | C75: III. Tính năng: Single-Target Clicker | D75: Task | E75: QA testing: | F75: all issue | K75: Trịnh Thị Thơ
A76: 2026-05-08 10:40 | B76: TICKET-11349 | C76: 24. Sửa tên màn | D76: Task | E76: QA Test | F76: done | K76: Kim Ngọc
A77: 2026-05-08 15:56 | B77: TICKET-11357 | C77: Bug3: Màn Select Config/ Click button Back không >> Direct về màn Single-Target Clicker | D77: Bug | E77: III. Tính năng: Single-Target Clicker | F77: done | J77: Trần Đức An | K77: Trịnh Thị Thơ
A78: 2026-05-09 13:45 | B78: TICKET-11361 | C78: QA testing: | D78: Task | E78: 1.0.2 - Edit luồng/ Add ads/ Fix crash | F78: done | K78: Trịnh Thị Thơ
A79: 2026-05-09 14:07 | B79: TICKET-11362 | C79: Bug1: Crash: Home/ Click quay video chọn filter/ check done/ xem preview/ click try again/ click quay video/ check done=> Crash(video đính kèm). | D79: Bug | E79: Bug fix crash | F79: done | J79: Nguyễn Nhật Minh | K79: Trịnh Thị Thơ
A80: 2026-05-09 16:03 | B80: TICKET-11363 | C80: Bug add tracking | D80: Task | E80: QA testing: | F80: done | K80: Trịnh Thị Thơ
A81: 2026-05-09 16:03 | B81: TICKET-11364 | C81: Bug fix crash | D81: Task | E81: QA testing: | F81: done | K81: Trịnh Thị Thơ
A82: 2026-05-09 16:05 | B82: TICKET-11365 | C82: Bug1: Splash hiển thị từ session thứ 2 trở đi/ Chưa trả radays_since_last_open [Trả về số ngày kể từ lần mở cuối] | D82: Bug | E82: Bug add tracking | F82: done | J82: Nguyễn Nhật Minh | K82: Trịnh Thị Thơ
A83: 2026-05-09 16:20 | B83: TICKET-11366 | C83: Bug2: Chưa gắn: Show màn applying language | D83: Bug | E83: Bug add tracking | F83: done | J83: Nguyễn Nhật Minh | K83: Trịnh Thị Thơ
A84: 2026-05-09 17:00 | B84: TICKET-11367 | C84: Bug3: Chưa gắn: Tap back tại màn camera | D84: Bug | E84: Bug add tracking | F84: done | J84: Nguyễn Nhật Minh | K84: Trịnh Thị Thơ
A85: 2026-05-09 18:05 | B85: TICKET-11368 | C85: Bug edit ads | D85: Task | E85: QA testing: | F85: done | K85: Trịnh Thị Thơ
A86: 2026-05-09 18:52 | B86: TICKET-11370 | C86: Bug1: afterinterstitial_native của 2 màn sau không hiện. | D86: Task | E86: Bug edit ads | F86: done | K86: Trịnh Thị Thơ
A87: 2026-05-09 19:15 | B87: TICKET-11371 | C87: Bug2: Thời gian request+ case load lại có vấn đề . Cần comf lại với MO | D87: Task | E87: Bug edit ads | F87: done | K87: Trịnh Thị Thơ
A88: 2026-05-09 19:59 | B88: TICKET-11372 | C88: Bug3: Sai định dạng so với mô tả. QC khi click btn Exit | D88: Task | E88: Bug edit ads | F88: done | K88: Trịnh Thị Thơ
A89: 2026-05-10 16:41 | B89: TICKET-11374 | C89: Bug5: Hiển thị toast messeage "Config saved" sai. | D89: Bug | E89: III. Tính năng: Single-Target Clicker | F89: done | J89: Trần Đức An | K89: Trịnh Thị Thơ
A90: 2026-05-10 21:19 | B90: TICKET-11375 | C90: Bug6: Màn Single-Target Clicker với trạng thái Thanh Floating chưa Start/ Button Back to App đang hiển thị sai | D90: Bug | E90: III. Tính năng: Single-Target Clicker | F90: done | J90: Trần Đức An | K90: Trịnh Thị Thơ
A91: 2026-05-10 21:36 | B91: TICKET-11376 | C91: Bug7: Crash tại màn : Click Start tại thanh Floating Control Bar/ bật -tắt=>gây ra crash | D91: Bug | E91: III. Tính năng: Single-Target Clicker | F91: done | J91: Trần Đức An | K91: Trịnh Thị Thơ
A92: 2026-05-10 21:51 | B92: TICKET-11377 | C92: Bug8: Vào các kịch bản tạo sẵn thì mất thanh Float (video) | D92: Bug | E92: III. Tính năng: Single-Target Clicker | F92: done | J92: Trần Đức An | K92: Trịnh Thị Thơ
A93: 2026-05-11 09:36 | B93: TICKET-11378 | C93: 25. Lỗi download content 4K/Live/ Parallax khi đưa app vào background | D93: Task | E93: QA Test | F93: done | G93: high | K93: Kim Ngọc
A94: 2026-05-11 11:03 | B94: TICKET-11379 | C94: IV. Tính năng Synchronized Clicking | D94: Task | E94: QA testing: | F94: all issue | K94: Trịnh Thị Thơ
A95: 2026-05-11 11:10 | B95: TICKET-11380 | C95: 26. Lỗi apply nhiều lần, click back ở màn apply successfull | D95: Task | E95: QA Test | F95: done | G95: high | K95: Kim Ngọc
A96: 2026-05-11 11:49 | B96: TICKET-11382 | C96: Bug2: Dropdown cho phép chọn: Millisecond, second, minute không click chọn được. | D96: Bug | E96: IV. Tính năng Synchronized Clicking | F96: done | J96: Trần Đức An | K96: Trịnh Thị Thơ
A97: 2026-05-11 13:45 | B97: TICKET-11383 | C97: Bug3: Sai text Click button (?) tại Click Interval và Click button (?) tại Long Press Duration. | D97: Bug | E97: IV. Tính năng Synchronized Clicking | F97: done | J97: Trần Đức An | K97: Trịnh Thị Thơ
A98: 2026-05-11 13:55 | B98: TICKET-11384 | C98: Bug4: Thiết lập cấu hình tại Long Press <20ms >> Hiển thị text warning. Hiện text sai | D98: Bug | E98: IV. Tính năng Synchronized Clicking | F98: done | J98: Trần Đức An | K98: Trịnh Thị Thơ
A99: 2026-05-11 13:56 | B99: TICKET-11385 | C99: 27. Gắn thêm button reload | D99: Task | E99: QA Test | F99: done | K99: Kim Ngọc
A100: 2026-05-11 14:02 | B100: TICKET-11386 | C100: Edit ads/Edit luồng/Add IAP/Add tracking | D100: Task | F100: ready to release | H100: Speak2 | J100: Nguyễn Nhật Minh, Trịnh Thị Thơ | K100: Nguyễn Ngọc Hạnh Ngân | L100: Sprint 1 (5/22 - 6/5) | N100: 2026-05-28 12:00
...

Sheet Tháng 6
A1: Ngày lên đơn | B1: ID | C1: Tên task | D1: Loại | E1: Task cha | F1: Trạng thái | G1: Ưu tiên | H1: App Name | I1: Task type | J1: Người làm | K1: Người tạo | L1: Sprint | M1: Start date | N1: Due date | O1: Ngày đóng | P1: Điểm | Q1: Đánh giá DEV | R1: Đánh giá Test
A2: 2026-06-01 09:47 | B2: TICKET-13073 | C2: 36. view-wlp_between_native: Sửa lại UI | D2: Task | E2: Đã fix | F2: done | J2: Lục Tiến Đạt | K2: Kim Ngọc
A3: 2026-06-01 10:05 | B3: TICKET-13074 | C3: Bug 33. Chưa check trùng tên khi tạo config mới | D3: Bug | E3: IV. Tính năng Synchronized Clicking | F3: done | J3: Trần Đức An | K3: Linh Đặng
A4: 2026-06-01 10:25 | B4: TICKET-13075 | C4: 37. Sai luồng khi ấn Back ở màn Apply của device | D4: Task | E4: Đã fix | F4: done | J4: Bùi Văn Tiến | K4: Kim Ngọc
A5: 2026-06-01 10:29 | B5: TICKET-13076 | C5: BUg 34. Với config đã liên kết app, khi chỉ còn 1 điểm duy nhất, nhấn - k hiện cảnh báo j và có thể trừ hết các điểm | D5: Bug | E5: IV. Tính năng Synchronized Clicking | F5: done | G5: low | J5: Trần Đức An | K5: Linh Đặng
A6: 2026-06-01 10:35 | B6: TICKET-13077 | C6: Bug 35. Sai text hiển thị trong tutorial | D6: Bug | E6: IV. Tính năng Synchronized Clicking | F6: done | G6: normal | J6: Trần Đức An | K6: Linh Đặng
A7: 2026-06-01 10:36 | B7: TICKET-13078 | C7: QA Testing | D7: Task | E7: Add ads/ Edit UI | F7: done | K7: Nguyễn Tuyết Oanh
A8: 2026-06-01 10:37 | B8: TICKET-13079 | C8: 1. Edit UI/ luồng | D8: Task | E8: QA Testing | F8: done | K8: Nguyễn Tuyết Oanh
A9: 2026-06-01 10:47 | B9: TICKET-13085 | C9: Bug 42. Sai text hiển thị trong tutorial | D9: Bug | E9: III. Tính năng: Single-Target Clicker | F9: done | G9: normal | J9: Trần Đức An | K9: Linh Đặng
A10: 2026-06-01 10:52 | B10: TICKET-13086 | C10: Bug 29. Sai text hiển thị trong tutorial | D10: Bug | E10: V. Multi- action scripting | F10: done | G10: normal | J10: Trần Đức An | K10: Linh Đặng
A11: 2026-06-01 11:13 | B11: TICKET-13087 | C11: Add rate/add feature/edit database | D11: Task | F11: ready to release | H11: Lovetest | J11: Nguyễn Nhật Minh, Nguyễn Tuyết Oanh | K11: Trần Nguyệt Ánh | L11: Sprint 2 (6/5 - 6/19)
A12: 2026-06-01 11:14 | B12: TICKET-13089 | C12: Add rate/tracking rate | D12: Task | E12: Add rate/add feature/edit database | F12: done | J12: Nguyễn Nhật Minh | K12: Trần Nguyệt Ánh | P12: 4
A13: 2026-06-01 11:15 | B13: TICKET-13090 | C13: Edit databsae | D13: Task | E13: Add rate/add feature/edit database | F13: done | J13: Nguyễn Nhật Minh | K13: Trần Nguyệt Ánh | P13: 3
A14: 2026-06-01 11:31 | B14: TICKET-13091 | C14: Bug 31. Với config đã liên kết app, nhấn vào pointer k hiện popup chỉnh sửa thông số pointer | D14: Bug | E14: V. Multi- action scripting | F14: done | J14: Trần Đức An | K14: Linh Đặng
A15: 2026-06-01 11:40 | B15: TICKET-13092 | C15: Select language _ UI logo khác so với thiết kế | D15: Bug | E15: 1. Edit UI/ luồng | F15: done | J15: Ngọc Văn Linh | K15: Nguyễn Tuyết Oanh
A16: 2026-06-01 11:40 | B16: TICKET-13093 | C16: Select Language _ UI " Next" qua màn khác so với thiết kế | D16: Bug | E16: 1. Edit UI/ luồng | F16: done | J16: Ngọc Văn Linh | K16: Nguyễn Tuyết Oanh
A17: 2026-06-01 11:42 | B17: TICKET-13094 | C17: Select Language _ UI màu cờ trùng với màu nền | D17: Bug | E17: 1. Edit UI/ luồng | F17: need to be clean | J17: Ngọc Văn Linh | K17: Nguyễn Tuyết Oanh
A18: 2026-06-01 11:45 | B18: TICKET-13097 | C18: Bug 32. Với config đã liên kết app, khi đã có pointer1, nhấn Swipe thêm thực thể vuốt mất pointer đã có và thêm thực thể vuốt từ luôn số 1 | D18: Bug | E18: V. Multi- action scripting | F18: done | J18: Trần Đức An | K18: Linh Đặng
A19: 2026-06-01 11:55 | B19: TICKET-13098 | C19: Bug 33. Play config chưa liên kết app từ ds existing script k chuyển hướng đúng màn | D19: Bug | E19: V. Multi- action scripting | F19: done | J19: Trần Đức An | K19: Linh Đặng
A20: 2026-06-01 12:00 | B20: TICKET-13100 | C20: Add flow no internet | D20: Task | F20: ready to progress | H20: Prank sound | K20: Trần Nguyệt Ánh
A21: 2026-06-01 12:03 | B21: TICKET-13102 | C21: 1.0.2 Add rate/ add feature/edit flow | D21: Task | F21: ready to release | H21: wallpaper | J21: Bùi Văn Tiến, Linh Đặng | K21: Trần Nguyệt Ánh | L21: Sprint 3 (6/22 - 7/3)
A22: 2026-06-01 13:36 | B22: TICKET-13103 | C22: Onboad _ UI text giới thiệu " Sound Prank" tại ngôn ngữ Vietnamese | D22: Bug | E22: 1. Edit UI/ luồng | F22: need to be clean | J22: Ngọc Văn Linh | K22: Nguyễn Tuyết Oanh
A23: 2026-06-01 13:41 | B23: TICKET-13104 | C23: IAP_ Không hiển thị ngôn ngữ theo language user select | D23: Bug | E23: 1. Edit UI/ luồng | F23: done | J23: Ngọc Văn Linh | K23: Nguyễn Tuyết Oanh
A24: 2026-06-01 13:46 | B24: TICKET-13105 | C24: IAP_ Hiển thị giá trị tiền tệ khác thiết kế | D24: Bug | E24: 1. Edit UI/ luồng | F24: need to be clean | J24: Ngọc Văn Linh | K24: Nguyễn Tuyết Oanh
A25: 2026-06-01 13:53 | B25: TICKET-13110 | C25: Call _ Hiển thị sai với danh sách Sound rỗng | D25: Bug | E25: 1. Edit UI/ luồng | F25: need to be clean | J25: Ngọc Văn Linh | K25: Nguyễn Tuyết Oanh
A26: 2026-06-01 14:00 | B26: TICKET-13112 | C26: Bug 34. Với config đã liên kết app, Chưa thực hiện thao tác vuốt theo cài đặt | D26: Bug | E26: V. Multi- action scripting | F26: done | J26: Trần Đức An | K26: Linh Đặng
A27: 2026-06-01 14:00 | B27: TICKET-13113 | C27: Bug 35. Play kịch bản đã liên kết app, thêm thao tác vuốt, nhấn play k chuyển trạng thái và hoạt động | D27: Bug | E27: V. Multi- action scripting | F27: done | J27: Trần Đức An | K27: Linh Đặng
A28: 2026-06-01 14:17 | B28: TICKET-13114 | C28: 38. view-wlp_between: Qc ko request mới khi lướt tới content trước qc native full | D28: Task | E28: Đã fix | F28: done | J28: Bùi Văn Tiến | K28: Kim Ngọc
A29: 2026-06-01 14:21 | B29: TICKET-13115 | C29: Bug 36. Với config đã liên kết app, k trừ được hết các điểm | D29: Bug | E29: V. Multi- action scripting | F29: done | J29: Trần Đức An | K29: Linh Đặng
A30: 2026-06-01 14:27 | B30: TICKET-13116 | C30: 39. view-wlp_between_native: Request sai kịch bản | D30: Task | E30: Đã fix | F30: done | J30: Bùi Văn Tiến | K30: Kim Ngọc
A31: 2026-06-01 14:32 | B31: TICKET-13117 | C31: 40. view-wlp_between_native: Sai logic hiển thị loading 2s | D31: Task | E31: Đã fix | F31: done | J31: Bùi Văn Tiến | K31: Kim Ngọc
A32: 2026-06-01 14:49 | B32: TICKET-13118 | C32: 41.view-wlp_between: Đã ẩn qc (inOn = false) nhưng vẫn hiện view loading ads | D32: Task | E32: Đã fix | F32: done | J32: Bùi Văn Tiến | K32: Kim Ngọc
A33: 2026-06-01 14:51 | B33: TICKET-13119 | C33: Call _ hiển thị sai danh sách khi có lỗi xảy ra | D33: Bug | E33: 1. Edit UI/ luồng | F33: done | J33: Ngọc Văn Linh | K33: Nguyễn Tuyết Oanh
... A35: 2026-06-01 17:46 | B35: TICKET-13189 | C35: 42.list-wlp_choose_ct, home_choose_content, search_choose_color, search-result_choose_ct, search_choose_ct, tab-collection_choose_content : Show 2 lần qc khi click 2 content 1 lần | D35: Task | E35: Đã fix | F35: done | J35: Bùi Văn Tiến | K35: Kim Ngọc
A36: 2026-06-01 18:20 | B36: TICKET-13202 | C36: MO test | D36: Task | E36: QA Test | F36: done | K36: Nguyễn Ngọc Hạnh Ngân
A37: 2026-06-01 18:21 | B37: TICKET-13203 | C37: Bug 1: qc prv_recorded-bottom bị prv_recorded-middle nằm đè lên | D37: Task | E37: MO test | F37: done | J37: Ngọc Văn Linh | K37: Nguyễn Ngọc Hạnh Ngân
A38: 2026-06-01 18:24 | B38: TICKET-13204 | C38: Bug 2: "isCloseWhenClickCollapsible" không hoạt động | D38: Task | E38: MO test | F38: need to be clean | K38: Nguyễn Ngọc Hạnh Ngân
A39: 2026-06-01 18:42 | B39: TICKET-13205 | C39: Bug 3: listmusic-unselect và listmusic-selected bị đảo logic | D39: Task | E39: MO test | F39: need to be clean | K39: Nguyễn Ngọc Hạnh Ngân
A40: 2026-06-02 11:26 | B40: TICKET-13280 | C40: 43. Sửa lại config | D40: Task | E40: Đã fix | F40: done | J40: Bùi Văn Tiến | K40: Kim Ngọc
A41: 2026-06-02 14:13 | B41: TICKET-13401 | C41: 44. Fix llogic request lại sau X giây | D41: Task | E41: Đã fix | F41: done | J41: Bùi Văn Tiến | K41: Kim Ngọc
A42: 2026-06-02 15:11 | B42: TICKET-13424 | C42: 45. Sửa UI qc dialog: view-wlp_dlg_success, view-wlp_dlg_success | D42: Task | E42: Đã fix | F42: done | J42: Bùi Văn Tiến | K42: Kim Ngọc
A43: 2026-06-02 15:44 | B43: TICKET-13429 | C43: Select Language _ UI Không chuyển text " Select Language" | D43: Bug | E43: 1. Edit UI/ luồng | F43: done | J43: Ngọc Văn Linh | K43: Nguyễn Tuyết Oanh
A44: 2026-06-02 17:14 | B44: TICKET-13490 | C44: 46. view-wlp_dlg_success: Kkhổng đổi màu background được | D44: Task | E44: Đã fix | F44: done | J44: Bùi Văn Tiến | K44: Kim Ngọc
A45: 2026-06-02 17:17 | B45: TICKET-13492 | C45: 47. apply-sucess_return: Sửa lại vị trí màu background theo đúng yêu cầu | D45: Task | E45: Đã fix | F45: done | J45: Bùi Văn Tiến | K45: Kim Ngọc
A46: 2026-06-03 09:45 | B46: TICKET-13511 | C46: 48. Các template 1.0.2 của qc nativefull không đổi màu background color được: afterinterstial, onboardfull, Splash-afterinter | D46: Task | E46: Đã fix | F46: done | J46: Bùi Văn Tiến, Lục Tiến Đạt | K46: Kim Ngọc
A47: 2026-06-03 10:50 | B47: TICKET-13516 | C47: 49. Vuốt qua lại giữa view-wlp_bottom_download và view-wlp_bottom_downloaded: Qc bị nháy | D47: Task | E47: Đã fix | F47: qa - cant fix | K47: Kim Ngọc
A48: 2026-06-03 11:59 | B48: TICKET-13562 | C48: Prank Sound _ Lỗi tại nút " Loop" | D48: Bug | E48: 1. Edit UI/ luồng | F48: done | J48: Ngọc Văn Linh | K48: Nguyễn Tuyết Oanh
A49: 2026-06-03 13:47 | B49: TICKET-13565 | C49: Fix lỗi browser | D49: Task | E49: 1.1.2 - Fix lỗi | F49: need to be clean | K49: Nguyễn Ngọc Hạnh Ngân | P49: 0
A50: 2026-06-03 14:39 | B50: TICKET-13604 | C50: Prank Sound _ Lỗi dịch ngôn ngữ | D50: Bug | E50: 1. Edit UI/ luồng | F50: done | J50: Ngọc Văn Linh | K50: Nguyễn Tuyết Oanh
A51: 2026-06-03 14:50 | B51: TICKET-13614 | C51: Prank Sound _ Thiếu hiển thị " Play button" | D51: Bug | E51: 1. Edit UI/ luồng | F51: done | J51: Ngọc Văn Linh | K51: Nguyễn Tuyết Oanh
A52: 2026-06-03 15:19 | B52: TICKET-13616 | C52: Prank Sound _ Lỗi hiển thị thông báo khi lưu về điện thoại, nhạc chuông | D52: Bug | E52: 1. Edit UI/ luồng | F52: done | J52: Ngọc Văn Linh | K52: Nguyễn Tuyết Oanh
A53: 2026-06-03 15:43 | B53: TICKET-13618 | C53: 50. view-wlp_bottom_downloaded: Sau khi download content xong qc này show 2 lần (Trả bug ở comment) | D53: Task | E53: Đã fix | F53: done | J53: Bùi Văn Tiến | K53: Kim Ngọc
A54: 2026-06-03 15:58 | B54: TICKET-13619 | C54: Prank Sound _ Mất kết nối _ Button Try Again không hoạt động | D54: Bug | E54: 1. Edit UI/ luồng | F54: done | J54: Ngọc Văn Linh | K54: Nguyễn Tuyết Oanh
A55: 2026-06-03 16:06 | B55: TICKET-13621 | C55: 51. apply-sucess_return: Qc ko startload khi tiếp tục apply wallpaper ở các lần tiếp theo | D55: Task | E55: Đã fix | F55: done | J55: Bùi Văn Tiến | K55: Kim Ngọc
A56: 2026-06-03 16:12 | B56: TICKET-13622 | C56: 52. apply-sucess_return: config isCloseWhenClick = false -> Click vào qc vẫn ẩn qc | D56: Task | E56: Đã fix | F56: done | J56: Bùi Văn Tiến | K56: Kim Ngọc
A57: 2026-06-03 16:12 | B57: TICKET-13624 | C57: Prank Sound _ Lỗi kết nối nút tăng giảm âm lượng của device và ứng dụng | D57: Bug | E57: 1. Edit UI/ luồng | F57: done | J57: Ngọc Văn Linh | K57: Nguyễn Tuyết Oanh
A58: 2026-06-03 16:17 | B58: TICKET-13625 | C58: 53. afterinterstitial, Splash-afterinter: isCloseWhenClick = true -> Click vào qc ko ẩn đi | D58: Task | E58: Đã fix | F58: done | J58: Lục Tiến Đạt | K58: Kim Ngọc
A59: 2026-06-03 17:50 | B59: TICKET-13630 | C59: File đã lưu _ Lõi không hiển thị " Saved Sound" khi mất kết nối mạng | D59: Bug | E59: 1. Edit UI/ luồng | F59: need to be clean | J59: Ngọc Văn Linh | K59: Nguyễn Tuyết Oanh
A60: 2026-06-03 18:00 | B60: TICKET-13631 | C60: Efect_ Lỗi không thể quay ngược cam khi đang quay video | D60: Bug | E60: 1. Edit UI/ luồng | F60: need to be clean | J60: Ngọc Văn Linh | K60: Nguyễn Tuyết Oanh
A61: 2026-06-04 09:41 | B61: TICKET-13646 | C61: QA testing | D61: Task | E61: 1.0.1 Add tính năng marksman assistant | F61: in progress | H61: Auto click | K61: Linh Đặng
A62: 2026-06-04 09:42 | B62: TICKET-13647 | C62: Marksman Assistant | D62: Task | E62: QA testing | F62: all issue | K62: Linh Đặng
A63: 2026-06-04 09:43 | B63: TICKET-13648 | C63: Bug 1. Chưa check trùng tên config khi tạo config mới | D63: Bug | E63: Marksman Assistant | F63: done | J63: Trần Đức An | K63: Linh Đặng
A64: 2026-06-04 09:43 | B64: TICKET-13649 | C64: Bug 3. Không lưu giá trị khi tích chọn và thay đổi giá trị Bullets Per Trigger trong popup Marksman Assistant Config | D64: Bug | E64: Marksman Assistant | F64: done | J64: Trần Đức An | K64: Linh Đặng
A65: 2026-06-04 09:43 | B65: TICKET-13651 | C65: Bug 4. Trên tab Manual setup, tạo config mới thành công, nhấn save and activate k hiện thanh floating và pointer | D65: Bug | E65: Marksman Assistant | F65: done | J65: Trần Đức An | K65: Linh Đặng
A66: 2026-06-04 09:43 | B66: TICKET-13652 | C66: Bug 5. Trên màn hình detail cấu hình vũ khí, cài đặt thông số >> nhấn save >> Save and activate k hiện thanh floating và pointer | D66: Bug | E66: Marksman Assistant | F66: done | J66: Trần Đức An | K66: Linh Đặng
A67: 2026-06-04 09:43 | B67: TICKET-13653 | C67: Bug 6. HIện thiếu giá trị date trong config của Recent Script | D67: Bug | E67: Marksman Assistant | F67: done | J67: Trần Đức An | K67: Linh Đặng
A68: 2026-06-04 09:43 | B68: TICKET-13654 | C68: Bug 7. Trong Manual Setup, vẫn tạo được 2 config trùng tên, đến cái t3 mới hiện cảnh báo | D68: Bug | E68: Marksman Assistant | F68: done | J68: Trần Đức An | K68: Linh Đặng
A69: 2026-06-04 09:43 | B69: TICKET-13655 | C69: Bug 8. Tạo config ở Manual setup xong, về script , chọn lại vào marksman hiện Swith mode từ single target sang | D69: Bug | E69: Marksman Assistant | F69: done | J69: Trần Đức An | K69: Linh Đặng
A70: 2026-06-04 09:43 | B70: TICKET-13656 | C70: Bug 9. Trên popup Marksman assistant config, khi nhấp vào giá trị hold Duration hiện bàn phím che mất giá trị gây khó nhìn và thao tác | D70: Bug | E70: Marksman Assistant | F70: done | J70: Trần Đức An | K70: Linh Đặng
A71: 2026-06-04 09:43 | B71: TICKET-13657 | C71: Bug 10. Chưa check trùng tên khi tạo config mới trong tab Pro Preset | D71: Bug | E71: Marksman Assistant | F71: done | J71: Trần Đức An | K71: Linh Đặng
A72: 2026-06-04 09:43 | B72: TICKET-13658 | C72: Bug 11. Hiện sai date của config trong ds existing script | D72: Bug | E72: Marksman Assistant | F72: done | J72: Trần Đức An | K72: Linh Đặng
A73: 2026-06-04 09:43 | B73: TICKET-13659 | C73: Bug 12. Vị trí click lệch so với vị trí pointer | D73: Bug | E73: Marksman Assistant | F73: done | G73: urgent | J73: Trần Đức An | K73: Linh Đặng
A74: 2026-06-04 09:43 | B74: TICKET-13660 | C74: Bug 13. Đóng popup Marksman Assitant Config khi nhấn vào tên popup hoặc vùng dưới tên popup | D74: Bug | E74: Marksman Assistant | F74: done | J74: Trần Đức An | K74: Linh Đặng
A75: 2026-06-04 09:43 | B75: TICKET-13661 | C75: Bug 14. Trong 1 item, cài đặt config >> back lại >> chọn save and exit >> save and activate >> nhấn vào các nút bấm và pointer k hoạt động | D75: Bug | E75: Marksman Assistant | F75: done | J75: Trần Đức An | K75: Linh Đặng
A76: 2026-06-04 09:43 | B76: TICKET-13662 | C76: Bug 15. Trong tab Pro gaming preset, khi đã chuyển sang tích chọn và thay đổi giá trị Bullet per trigger, nhấn back k hiện popup xác nhận | D76: Bug | E76: Marksman Assistant | F76: done | J76: Trần Đức An | K76: Linh Đặng
A77: 2026-06-04 09:43 | B77: TICKET-13663 | C77: Bug 16. Trên tab Pro Preset, khi đang load các item, k hiện các ô item và icon loading | D77: Bug | E77: Marksman Assistant | F77: done | J77: Trần Đức An | K77: Linh Đặng
A78: 2026-06-04 09:58 | B78: TICKET-13902 | C78: Bug 2. Trong popup Marksman Assitant config, khi nhấn + lại -1, khi nhấn - lại +1 các giá trị click Interval và Long press duration | D78: Bug | E78: Marksman Assistant | F78: done | J78: Trần Đức An | K78: Linh Đặng
A79: 2026-06-04 10:42 | B79: TICKET-13937 | C79: Bug 17. Chạm nhanh vào target pointer khi đang play k tạm dừng kịch bản | D79: Bug | E79: Marksman Assistant | F79: done | J79: Trần Đức An | K79: Linh Đặng
A80: 2026-06-04 11:09 | B80: TICKET-13942 | C80: Bug 18. Trên tab Pro Preset, tạo config lưu thành công k hiện thanh floating bar và target pointer, nhấn back lại hiện popup Unsave changes | D80: Bug | E80: Marksman Assistant | F80: done | J80: Trần Đức An | K80: Linh Đặng
A81: 2026-06-04 11:24 | B81: TICKET-13954 | C81: Bug 19. Với config đã liên kết app, nhấn button close script đã tắt thanh floating bar và target pointer nhưng vào app lại hiện | D81: Bug | E81: Marksman Assistant | F81: done | J81: Trần Đức An | K81: Linh Đặng
A82: 2026-06-04 11:33 | B82: TICKET-13966 | C82: QA testing: | D82: Task | E82: 1.1.7 Edit ads/Add ads/ Edit UI | F82: done | K82: Trịnh Thị Thơ
A83: 2026-06-04 11:33 | B83: TICKET-13967 | C83: 1. Edit ads: | D83: Task | E83: QA testing: | F83: done | K83: Trịnh Thị Thơ
A84: 2026-06-04 11:35 | B84: TICKET-13968 | C84: Bug1: Quảng cáo PIP(xem video đính kèm + mô tả bug bên dưới). | D84: Bug | E84: 1. Edit ads: | F84: done | J84: Lục Tiến Đạt | K84: Trịnh Thị Thơ
A85: 2026-06-04 11:35 | B85: TICKET-13970 | C85: 54. list-wlp_choose_cate: qc inter load failed, isOn= false -> Lỗi ko chuyển cate | D85: Task | E85: Đã fix | F85: done | J85: Bùi Văn Tiến | K85: Kim Ngọc
A86: 2026-06-04 11:37 | B86: TICKET-13969 | C86: 55. similar_between: Fix tỉ lệ button "ctaRatio": "129:40" | D86: Task | E86: Đã fix | F86: done | J86: Bùi Văn Tiến | K86: Kim Ngọc
A87: 2026-06-04 11:45 | B87: TICKET-13974 | C87: Bug 20. Liên tục bị crash trên Redmi note 8 khi tạo và lưu config thành công, back lại và khi nhấn vào play config | D87: Bug | E87: Marksman Assistant | F87: done | J87: Trần Đức An | K87: Linh Đặng
A88: 2026-06-04 11:54 | B88: TICKET-13982 | C88: Đã fix | D88: Task | E88: QA Test | F88: done | K88: Kim Ngọc
A89: 2026-06-04 13:46 | B89: TICKET-13994 | C89: Bug 21. Sai chính tả từ Recent Scripts | D89: Bug | E89: Marksman Assistant | F89: done | J89: Trần Đức An | K89: Linh Đặng
A90: 2026-06-04 14:04 | B90: TICKET-14010 | C90: Bug 22. Tab Pro preset, Nhấn play config từ ds Existing script k dc | D90: Bug | E90: Marksman Assistant | F90: done | J90: Trần Đức An | K90: Linh Đặng
A91: 2026-06-04 15:23 | B91: TICKET-14041 | C91: Bug 23. Khi xoay ngang màn hình, popup Marksman Assistant Config k hiện hàng Hold Duration cùng button Cancel, Complete | D91: Bug | E91: Marksman Assistant | F91: done | J91: Trần Đức An | K91: Linh Đặng
A92: 2026-06-04 15:43 | B92: TICKET-14055 | C92: Bug 24. Play config chưa liên kết app, nhấn icon Close script tắt thanh floating bar và target pointer xong hiện lại, phải tắt 2 lần mới dc | D92: Bug | E92: Marksman Assistant | F92: done | J92: Trần Đức An | K92: Linh Đặng
A93: 2026-06-04 16:00 | B93: TICKET-14069 | C93: Bug 25. Play config đã liên kết app từ ds existing script, nhấn close script tắt floating bar và target pointer xong vào lại app auto click lại hiện | D93: Bug | E93: Marksman Assistant | F93: done | J93: Trần Đức An | K93: Linh Đặng
A94: 2026-06-04 16:19 | B94: TICKET-14078 | C94: Bug 26. Nhấn vào icon + của config trong ds Existing Script vẫn liên kết được app vs config | D94: Bug | E94: Marksman Assistant | F94: done | J94: Trần Đức An | K94: Linh Đặng
A95: 2026-06-04 17:36 | B95: TICKET-14080 | C95: 56. Màn Splash không chuyển màn khi: "disableAllConfig" = true | D95: Task | E95: Đã fix | F95: done | J95: Bùi Văn Tiến | K95: Kim Ngọc
A96: 2026-06-05 09:42 | B96: TICKET-14082 | C96: 2. Ads | D96: Task | E96: QA Testing | F96: done | K96: Kim Ngọc
A97: 2026-06-05 09:45 | B97: TICKET-14083 | C97: Bug 43. Play config chưa liên kết app từ ds existing script hiện trang Single target clicker với button Activate và k hiện thanh floating bar, target pointer | D97: Bug | E97: III. Tính năng: Single-Target Clicker | F97: done | G97: high | J97: Trần Đức An | K97: Linh Đặng
A98: 2026-06-05 10:00 | B98: TICKET-14084 | C98: 1. meme_list_between: Fix lại khi loading thêm 6 content mới được request thêm qc | D98: Task | E98: Ngọc | F98: need to be clean | J98: Ngọc Văn Linh | K98: Kim Ngọc
A99: 2026-06-05 10:01 | B99: TICKET-14085 | C99: Oanh | D99: Task | E99: 2. Ads | F99: done | K99: Nguyễn Tuyết Oanh
A100: 2026-06-05 10:02 | B100: TICKET-14087 | C100: Ngọc | D100: Task | E100: 2. Ads | F100: done | K100: Kim Ngọc
A101: 2026-06-05 10:04 | B101: TICKET-14088 | C101: 2. meme_list_between: Fix trường background của UI custom | D101: Task | E101: Ngọc | F101: need to be clean | J101: Ngọc Văn Linh | K101: Kim Ngọc
...

Sheet Tháng 7
A1: Ngày lên đơn | B1: ID | C1: Tên task | D1: Loại | E1: Task cha | F1: Trạng thái | G1: Ưu tiên | H1: App Name | I1: Task type | J1: Người làm | K1: Người tạo | L1: Sprint | M1: Start date | N1: Due date | O1: Ngày đóng | P1: Điểm | Q1: Đánh giá DEV | R1: Đánh giá Test
A2: 2026-07-01 09:36 | B2: TICKET-15683 | C2: Bug 3: Không hiện qc nằm giữa các chức năng trên màn home | D2: Bug | E2: Fix ads/ add ads | F2: done | J2: Nguyễn Nhật Minh | K2: Linh Đặng
A3: 2026-07-01 11:08 | B3: TICKET-15684 | C3: Bug 4: Nhấn vào qc PIP trong 1 giây đầu tiên xuất hiện vẫn mở trang quảng cáo | D3: Bug | E3: Fix ads/ add ads | F3: need to be clean | J3: Nguyễn Nhật Minh | K3: Linh Đặng
A4: 2026-07-01 14:21 | B4: TICKET-15688 | C4: Bug 5: Cài "isCloseWhenClick": false trong language 2.1 nhưng nhấn vào qc, back lại đóng qc luôn | D4: Bug | E4: Fix ads/ add ads | F4: done | J4: Nguyễn Nhật Minh | K4: Linh Đặng
A5: 2026-07-01 15:41 | B5: TICKET-15689 | C5: QA testing: | D5: Task | E5: MVP 1.0.0 - Game Emulator | F5: in progress | K5: Trịnh Thị Thơ
A6: 2026-07-01 15:42 | B6: TICKET-15690 | C6: 1. Thiếu hiển thị màn load chuyển ngôn ngữ | D6: Bug | E6: Language | F6: done | J6: Trần Đức An | K6: Nguyễn Tuyết Oanh
A7: 2026-07-01 15:50 | B7: TICKET-15691 | C7: 2. Onboard _ Lỗi hiển thị text giữa các màn onboard không đều | D7: Bug | E7: Onboard | F7: done | J7: Trần Đức An | K7: Nguyễn Tuyết Oanh
A8: 2026-07-01 15:58 | B8: TICKET-15692 | C8: 3. Home _ Lỗi hiển thị " Something went wrong" khi user vào màn home | D8: Bug | E8: Home | F8: done | J8: Trần Đức An | K8: Nguyễn Tuyết Oanh
A9: 2026-07-01 16:06 | B9: TICKET-15693 | C9: 4. Home _ Lỗi khi click vào icon setting | D9: Bug | E9: Home | F9: done | J9: Trần Đức An | K9: Nguyễn Tuyết Oanh
A10: 2026-07-01 16:11 | B10: TICKET-15694 | C10: 5. Home _ Điều chỉnh button " Try Again" | D10: Bug | E10: Home | F10: done | J10: Trần Đức An | K10: Nguyễn Tuyết Oanh
A11: 2026-07-01 16:15 | B11: TICKET-15695 | C11: 6. Home _ Lỗi không thể reload lại sau khi kết nối mạng | D11: Bug | E11: Home | F11: done | J11: Trần Đức An | K11: Nguyễn Tuyết Oanh
A12: 2026-07-01 16:22 | B12: TICKET-15696 | C12: Bug 6: Quảng cáo giữa các mode trên màn Manual Dust Remove | D12: Bug | E12: Fix ads/ add ads | F12: done | J12: Nguyễn Nhật Minh | K12: Linh Đặng
A13: 2026-07-01 16:31 | B13: TICKET-15697 | C13: 7. Home _ màn hình bị nhảy sau khi user click icon " Yêu thích" | D13: Bug | E13: Home | F13: done | J13: Trần Đức An | K13: Nguyễn Tuyết Oanh
A14: 2026-07-01 16:35 | B14: TICKET-15698 | C14: 8. Home _ Màu nền text của mỗi item đang bị sáng hơn so với thiết kế | D14: Bug | E14: Home | F14: done | J14: Trần Đức An | K14: Nguyễn Tuyết Oanh
A15: 2026-07-01 16:42 | B15: TICKET-15699 | C15: 9. Information_ Lỗi hiển thị với các item ảnh mặc định | D15: Bug | E15: Information | F15: done | J15: Trần Đức An | K15: Nguyễn Tuyết Oanh
A16: 2026-07-01 16:53 | B16: TICKET-15700 | C16: 10. Home _ Lỗi không hiển thị danh sách game | D16: Bug | E16: Home | F16: done | J16: Trần Đức An | K16: Nguyễn Tuyết Oanh
A17: 2026-07-01 16:58 | B17: TICKET-15701 | C17: 2. Quảng cáo | D17: Task | E17: QA Testing | F17: all issue | K17: Trịnh Thị Thơ
A18: 2026-07-01 17:00 | B18: TICKET-15702 | C18: Bug1: Màn Language check thiếu case. Click vào quảng cáo hiển thị Language1.2 | D18: Bug | E18: 2. Quảng cáo | F18: done | J18: Lục Tiến Đạt | K18: Trịnh Thị Thơ
A19: 2026-07-01 17:03 | B19: TICKET-15703 | C19: Bug 7. Quảng cáo PIP hiện sai vị trí trên màn đầu tiên, các màn sau mới hiện đúng vị trí cài trên remote | D19: Bug | E19: Fix ads/ add ads | F19: done | J19: Nguyễn Nhật Minh | K19: Linh Đặng
A20: 2026-07-01 17:04 | B20: TICKET-15704 | C20: 11. All game _ See more _/ Library lỗi giao diện | D20: Bug | E20: ALL Game | F20: done | J20: Trần Đức An | K20: Nguyễn Tuyết Oanh
A21: 2026-07-01 17:09 | B21: TICKET-15705 | C21: 12. All game _ Lỗi khi click " Try Again" | D21: Bug | E21: ALL Game | F21: done | J21: Trần Đức An | K21: Nguyễn Tuyết Oanh
A22: 2026-07-01 17:18 | B22: TICKET-15706 | C22: 13. Icon lỗi mạng không giống thiết kế ( vẫn chấp nhận được) | D22: Bug | E22: Home | F22: done | J22: Trần Đức An | K22: Nguyễn Tuyết Oanh
A23: 2026-07-01 17:26 | B23: TICKET-15707 | C23: Bug2: Onboard 2: Quảng cáo này được load trước ở dialog change language | D23: Bug | E23: 2. Quảng cáo | F23: done | J23: Lục Tiến Đạt | K23: Trịnh Thị Thơ
A24: 2026-07-01 17:29 | B24: TICKET-15708 | C24: Bug3: Luồng onboard full 1: Quảng cáo này được load trước ở dialog change language | D24: Bug | E24: 2. Quảng cáo | F24: done | J24: Lục Tiến Đạt | K24: Trịnh Thị Thơ
A25: 2026-07-01 17:31 | B25: TICKET-15709 | C25: Bug4: Onboard3: Quảng cáo này được load trước ở dialog change language. | D25: Bug | E25: 2. Quảng cáo | F25: done | J25: Lục Tiến Đạt | K25: Trịnh Thị Thơ
A26: 2026-07-01 17:34 | B26: TICKET-15710 | C26: 14. Search _ Lỗi hiển thị danh sách history results | D26: Bug | E26: Search | F26: done | J26: Trần Đức An | K26: Nguyễn Tuyết Oanh
A27: 2026-07-01 17:45 | B27: TICKET-15711 | C27: 15. Search _ Lỗi hiển thị danh sách results | D27: Bug | E27: Search | F27: done | J27: Trần Đức An | K27: Nguyễn Tuyết Oanh
A28: 2026-07-01 17:52 | B28: TICKET-15712 | C28: 16. Information _ Lỗi hiển thị, thao tác icon yêu thích tại các item | D28: Bug | E28: Information | F28: done | J28: Trần Đức An | K28: Nguyễn Tuyết Oanh
A29: 2026-07-02 09:55 | B29: TICKET-15716 | C29: 17. Store Game _ Hiển thị sai danh sách game | D29: Task | E29: Store game | F29: done | G29: normal | K29: Nguyễn Tuyết Oanh
A30: 2026-07-02 10:24 | B30: TICKET-15717 | C30: game pad | D30: Task | E30: play game | F30: done | J30: Trần Đức An | K30: Trần Đức An
A31: 2026-07-02 10:25 | B31: TICKET-15718 | C31: logic play game | D31: Task | E31: play game | F31: done | J31: Trần Đức An | K31: Trần Đức An
A32: 2026-07-02 10:31 | B32: TICKET-15719 | C32: 18. Library_ Lỗi hiển thị danh sách game tại Recent/ Your Game | D32: Task | E32: Library | F32: done | K32: Nguyễn Tuyết Oanh
A33: 2026-07-02 10:39 | B33: TICKET-15720 | C33: 19. Library _ Lỗi thiếu hiển thị danh sách game tại Favourite | D33: Task | E33: Library | F33: done | K33: Nguyễn Tuyết Oanh
A34: 2026-07-02 10:53 | B34: TICKET-15721 | C34: 20. Library _ Lỗi hiển thị sai tên màn hình | D34: Task | E34: Library | F34: done | K34: Nguyễn Tuyết Oanh
A35: 2026-07-02 10:58 | B35: TICKET-15722 | C35: 21. Store Game _ Lỗi hiển thị thông báo khi mất mạng | D35: Task | E35: Store game | F35: done | K35: Nguyễn Tuyết Oanh
A36: 2026-07-02 11:13 | B36: TICKET-15725 | C36: 23. Search _ Điều chỉnh phương thức tìm kiếm | D36: Task | E36: Search | F36: done | K36: Nguyễn Tuyết Oanh
A37: 2026-07-02 11:19 | B37: TICKET-15726 | C37: 24. Library_ Filter không active | D37: Task | E37: Library | F37: done | K37: Nguyễn Tuyết Oanh
A38: 2026-07-02 11:29 | B38: TICKET-15727 | C38: 25. Library -> Store game _ Lỗi hiển thị màn mất mạng | D38: Task | E38: Library | F38: done | K38: Nguyễn Tuyết Oanh
A39: 2026-07-02 11:47 | B39: TICKET-15729 | C39: Bug5: Quảng cáo colapsiable không click được : cả medium/text đều không click được. | D39: Bug | E39: 2. Quảng cáo | F39: done | J39: Lục Tiến Đạt | K39: Trịnh Thị Thơ
A40: 2026-07-02 13:45 | B40: TICKET-15732 | C40: 27. Information_ Một số game không hiển thị phần " Similar Games" | D40: Task | E40: Information | F40: done | K40: Nguyễn Tuyết Oanh
A41: 2026-07-02 13:55 | B41: TICKET-15733 | C41: 28. Store game _ Lỗi hiển thị icon yêu thích | D41: Task | E41: Store game | F41: done | K41: Nguyễn Tuyết Oanh
A42: 2026-07-02 14:21 | B42: TICKET-15735 | C42: 29. Download _ Lỗi download không thành công | D42: Task | E42: Download game | F42: done | K42: Nguyễn Tuyết Oanh
A43: 2026-07-02 14:36 | B43: TICKET-15736 | C43: 30. config_ Lỗi mặc định của Quality Image resolution | D43: Task | E43: Config game | F43: done | K43: Nguyễn Tuyết Oanh
A44: 2026-07-02 16:08 | B44: TICKET-15737 | C44: 31. Tutorial/ Results_ Lỗi btn Import file và Scan Folder không active | D44: Task | E44: Tutorial/ setting | F44: done | K44: Nguyễn Tuyết Oanh
A45: 2026-07-02 16:46 | B45: TICKET-15740 | C45: 32. Import file _ Lỗi khi import thành công nhưng không hiển thị ở view all | D45: Task | E45: Import file/ Scan Found | F45: done | K45: Nguyễn Tuyết Oanh
A46: 2026-07-02 16:57 | B46: TICKET-15741 | C46: 33. Scan folder_ Lỗi khi click View Library nhưng lại chuyển màn Store Game | D46: Task | E46: Import file/ Scan Found | F46: done | K46: Nguyễn Tuyết Oanh
A47: 2026-07-02 17:09 | B47: TICKET-15742 | C47: 34. Store game _ Lỗi hiển thị khi mất mạng ( honor X7d_Android 15) | D47: Task | E47: Store game | F47: done | K47: Nguyễn Tuyết Oanh
A48: 2026-07-02 17:15 | B48: TICKET-15743 | C48: QA testing: Tính năng | D48: Task | E48: 1.0.4 Edit feature/edit flow/ Add ads | F48: done | K48: Trịnh Thị Thơ
A49: 2026-07-02 17:19 | B49: TICKET-15744 | C49: Bug1: Recorder không thực hiện được( redmi note13_adr13) | D49: Bug | E49: Tab Hot Trending/ Characters: | F49: done | J49: Ngọc Văn Linh | K49: Trịnh Thị Thơ
A50: 2026-07-02 17:22 | B50: TICKET-15745 | C50: 1.0.7 - Fix ads/Fix luồng | D50: Task | F50: ready to release | H50: Lovetest | J50: Nguyễn Nhật Minh, Trịnh Thị Thơ | K50: Nguyễn Ngọc Hạnh Ngân | L50: Sprint 4 (7/7 - 7/17)
A51: 2026-07-02 17:23 | B51: TICKET-15746 | C51: Fix ads | D51: Task | E51: 1.0.7 - Fix ads/Fix luồng | F51: done | K51: Nguyễn Ngọc Hạnh Ngân | N51: 2026-07-15 12:00 | P51: 9
A52: 2026-07-02 17:23 | B52: TICKET-15748 | C52: Fix luồng/UI | D52: Task | E52: 1.0.7 - Fix ads/Fix luồng | F52: done | K52: Nguyễn Ngọc Hạnh Ngân | P52: 0.5
A53: 2026-07-02 17:46 | B53: TICKET-15749 | C53: Tab Hot Trending/ Characters: | D53: Task | E53: QA testing: Tính năng | F53: all issue | K53: Trịnh Thị Thơ
A54: 2026-07-02 17:49 | B54: TICKET-15750 | C54: Bug1: Màn Preview không hiển thị(Redmi note8_adr9; Vsmart live_adr10) | D54: Bug | E54: Màn preview: | F54: qa - cant fix | J54: Ngọc Văn Linh | K54: Trịnh Thị Thơ
A55: 2026-07-02 17:57 | B55: TICKET-15751 | C55: Màn preview: | D55: Task | E55: QA testing: Tính năng | F55: all issue | K55: Trịnh Thị Thơ
A56: 2026-07-02 22:52 | B56: TICKET-15753 | C56: config thư viện | D56: Task | E56: setting-game pad | F56: done | J56: Trần Đức An | K56: Trần Đức An
A57: 2026-07-02 22:54 | B57: TICKET-15754 | C57: logic | D57: Task | E57: setting-game pad | F57: done | J57: Trần Đức An | K57: Trần Đức An
A58: 2026-07-03 09:51 | B58: TICKET-15755 | C58: 35. Crash app | D58: Task | E58: Home | F58: done | K58: Nguyễn Tuyết Oanh
A59: 2026-07-03 10:04 | B59: TICKET-15756 | C59: Edit UI/add feature | D59: Task | F59: pending | H59: pet translator | J59: Ngọc Văn Linh | K59: Trần Nguyệt Ánh
A60: 2026-07-03 10:20 | B60: TICKET-15757 | C60: 1.0.7 - Edit UI/Flow/bật tắt remote config | D60: Task | F60: ready to progress | H60: Lovetest | K60: Trần Nguyệt Ánh
A61: 2026-07-03 10:20 | B61: TICKET-15758 | C61: Màn Tutorial: | D61: Task | E61: QA testing: Tính năng | F61: all issue | K61: Trịnh Thị Thơ
A62: 2026-07-03 10:22 | B62: TICKET-15759 | C62: 36. All Game _ Lỗi nhảy tab khi user back về từ Information | D62: Task | E62: ALL Game | F62: done | K62: Nguyễn Tuyết Oanh
A63: 2026-07-03 10:23 | B63: TICKET-15760 | C63: Bug1: Bộ đếm thời gian không reset và đếm lại khi Continue từ Permisson.(video) | D63: Bug | E63: Màn Tutorial: | F63: done | J63: Ngọc Văn Linh | K63: Trịnh Thị Thơ
A64: 2026-07-03 10:32 | B64: TICKET-15761 | C64: Research | D64: Task | F64: done | H64: VPN | J64: Ngọc Văn Linh | K64: Trần Nguyệt Ánh | L64: Sprint 4 (7/7 - 7/17)
A65: 2026-07-03 10:40 | B65: TICKET-15763 | C65: Fix ads/ Add flow | D65: Task | F65: done | H65: wallpaper | J65: Bùi Văn Tiến, Linh Đặng, Lục Tiến Đạt, Ngọc Văn Linh | K65: Thị Thanh Vân Bùi | L65: Sprint 4 (7/7 - 7/17)
A66: 2026-07-03 10:40 | B66: TICKET-15764 | C66: Fix ads | D66: Task | E66: Fix ads/ Add flow | F66: done | K66: Thị Thanh Vân Bùi
A67: 2026-07-03 10:47 | B67: TICKET-15765 | C67: Research triển khai server VPN free | D67: Task | E67: Research | F67: done | K67: Trần Nguyệt Ánh | M67: 2026-07-07 09:00 | N67: 2026-07-07 18:30 | P67: 4
A68: 2026-07-03 10:47 | B68: TICKET-15766 | C68: Add remote config | D68: Task | E68: Research | F68: done | K68: Trần Nguyệt Ánh | M68: 2026-07-08 09:00 | N68: 2026-07-08 14:30 | P68: 2
A69: 2026-07-03 10:50 | B69: TICKET-15767 | C69: 37. Library_ Lỗi không đồng bộ icon yêu thích | D69: Task | E69: Library | F69: done | K69: Nguyễn Tuyết Oanh
A70: 2026-07-03 11:06 | B70: TICKET-15768 | C70: 38. Information _ Lỗi hiển thị icon cài đặt tại mỗi item | D70: Task | E70: Information | F70: done | K70: Nguyễn Tuyết Oanh
A71: 2026-07-03 11:26 | B71: TICKET-15769 | C71: 39. Download _ Button download không active | D71: Task | E71: Download game | F71: done | K71: Nguyễn Tuyết Oanh
A72: 2026-07-03 11:39 | B72: TICKET-15770 | C72: 40. Import File _ Lỗi khi remove file game rồi tải lại | D72: Task | E72: Import file/ Scan Found | F72: done | K72: Nguyễn Tuyết Oanh
A73: 2026-07-03 11:39 | B73: TICKET-15771 | C73: Thêm flow uninstall | D73: Task | E73: Fix ads/ Add flow | F73: pending | K73: Thị Thanh Vân Bùi
A74: 2026-07-03 11:54 | B74: TICKET-15772 | C74: Bug2: Sửa lại text( ảnh đính kèm) | D74: Bug | E74: Màn preview: | F74: done | J74: Ngọc Văn Linh | K74: Trịnh Thị Thơ
A75: 2026-07-03 13:50 | B75: TICKET-15773 | C75: Bug3: Sửa lại text Viết hoa : User back tại màn preview | D75: Bug | E75: Màn preview: | F75: done | J75: Ngọc Văn Linh | K75: Trịnh Thị Thơ
A76: 2026-07-03 13:57 | B76: TICKET-15774 | C76: 41. Import file/ scan folder_ Lỗi khi tải game trùng nhau | D76: Task | E76: Import file/ Scan Found | F76: done | G76: urgent | K76: Nguyễn Tuyết Oanh
A77: 2026-07-03 14:05 | B77: TICKET-15776 | C77: Màn downloading : | D77: Task | E77: QA testing: Tính năng | F77: all issue | K77: Trịnh Thị Thơ
A78: 2026-07-03 14:08 | B78: TICKET-15775 | C78: Bug1: Dailog hiện tại màu xanh ->đổi thành tím | D78: Bug | E78: Màn downloading : | F78: done | J78: Ngọc Văn Linh | K78: Trịnh Thị Thơ
A79: 2026-07-03 14:10 | B79: TICKET-15777 | C79: Bug2: Dailog back khi downloading chưa viết hoa | D79: Bug | E79: Màn downloading : | F79: done | J79: Ngọc Văn Linh | K79: Trịnh Thị Thơ
A80: 2026-07-03 14:23 | B80: TICKET-15778 | C80: Tab video: | D80: Task | E80: QA testing: Tính năng | F80: all issue | K80: Trịnh Thị Thơ
A81: 2026-07-03 14:23 | B81: TICKET-15779 | C81: Bug1: Tab (video+image)/ Màn detail/ Trả ra toast sai/ Khi export video | D81: Bug | E81: Tab video: | F81: done | J81: Ngọc Văn Linh | K81: Trịnh Thị Thơ
A82: 2026-07-03 15:04 | B82: TICKET-15783 | C82: 42. Importan Notice _ Lỗi khi user không đồng ý ủy thác trách hiệm nhưng vẫn download thành công | D82: Task | E82: Import file/ Scan Found | F82: done | K82: Nguyễn Tuyết Oanh
A83: 2026-07-04 15:59 | B83: TICKET-15784 | C83: UI | D83: Task | E83: setting-game pad | F83: done | J83: Trần Đức An | K83: Trần Đức An
A84: 2026-07-04 18:14 | B84: TICKET-15785 | C84: QA testing: | D84: Task | E84: Add ads | F84: all issue | K84: Trịnh Thị Thơ
A85: 2026-07-04 18:15 | B85: TICKET-15786 | C85: Bug1: Quảng cáo native full nhưng vẫn có âm thanh của conten | D85: Bug | E85: QA testing: | F85: done | J85: Ngọc Văn Linh | K85: Trịnh Thị Thơ
A86: 2026-07-04 18:18 | B86: TICKET-15787 | C86: Bug2: Không hiện :khi chọn 1 cate khác (request quảng cáo mới nếu lần request gần nhất đã cách tối thiểu 10 giây). | D86: Bug | E86: QA testing: | F86: done | J86: Ngọc Văn Linh | K86: Trịnh Thị Thơ
A87: 2026-07-04 18:24 | B87: TICKET-15788 | C87: Bug3: Navite inter có âm thanh của content | D87: Bug | E87: QA testing: | F87: done | J87: Ngọc Văn Linh | K87: Trịnh Thị Thơ
A88: 2026-07-05 12:02 | B88: TICKET-15819 | C88: Bug2: Dailog mất kết nối đè lên content: Không có/mất kết nối mạng/Lỗi API | D88: Bug | E88: Tab Hot Trending/ Characters: | F88: done | J88: Ngọc Văn Linh | K88: Trịnh Thị Thơ
A89: 2026-07-05 12:05 | B89: TICKET-15820 | C89: Bug3: Dailog không load content/Mất kết nối đè lên nhau: Không loading được content tại Filter trending / Characters | D89: Bug | E89: Tab Hot Trending/ Characters: | F89: done | J89: Ngọc Văn Linh | K89: Trịnh Thị Thơ
A90: 2026-07-06 09:24 | B90: TICKET-15821 | C90: Flow uninstall | D90: Task | E90: 1.0.7 - Fix ads/Fix luồng | F90: pending | K90: Thị Thanh Vân Bùi | P90: 0
A91: 2026-07-06 09:40 | B91: TICKET-15822 | C91: 1.2.2 - Fix luồng/Fix ads/Fix bugs | D91: Task | F91: ready to release | H91: Santa prank | J91: Ngọc Văn Linh, Trịnh Thị Thơ | K91: Nguyễn Ngọc Hạnh Ngân | L91: Sprint 4 (7/7 - 7/17)
A92: 2026-07-06 09:40 | B92: TICKET-15823 | C92: Fix luồng | D92: Task | E92: 1.2.2 - Fix luồng/Fix ads/Fix bugs | F92: done | K92: Nguyễn Ngọc Hạnh Ngân | M92: 2026-07-08 13:30 | N92: 2026-07-08 18:00 | P92: 2.5
A93: 2026-07-06 09:40 | B93: TICKET-15824 | C93: Fix ads | D93: Task | E93: 1.2.2 - Fix luồng/Fix ads/Fix bugs | F93: done | K93: Nguyễn Ngọc Hạnh Ngân | M93: 2026-07-10 13:30 | N93: 2026-07-15 12:00 | P93: 9
A94: 2026-07-06 09:40 | B94: TICKET-15825 | C94: Fix bugs | D94: Task | E94: 1.2.2 - Fix luồng/Fix ads/Fix bugs | F94: done | K94: Nguyễn Ngọc Hạnh Ngân | P94: 2.5
A95: 2026-07-06 11:50 | B95: TICKET-15831 | C95: 1.0.4 - Fix ads/Fix UI | D95: Task | F95: ready to release | H95: Speak2 | J95: Bùi Văn Tiến, Linh Đặng | K95: Nguyễn Ngọc Hạnh Ngân | L95: Sprint 4 (7/7 - 7/17)
A96: 2026-07-06 11:50 | B96: TICKET-15832 | C96: Fix ads | D96: Task | E96: 1.0.4 - Fix ads/Fix UI | F96: done | K96: Nguyễn Ngọc Hạnh Ngân | P96: 3
A97: 2026-07-06 11:50 | B97: TICKET-15833 | C97: Fix UI | D97: Task | E97: 1.0.4 - Fix ads/Fix UI | F97: done | K97: Nguyễn Ngọc Hạnh Ngân | P97: 2
A98: 2026-07-06 13:54 | B98: TICKET-15842 | C98: 1.0.5 - Fix ads/Fix luồng/ Add tracking | D98: Task | F98: ready to release | H98: live video 2 | J98: Linh Đặng, Lục Tiến Đạt, Nguyễn Nhật Minh | K98: Nguyễn Ngọc Hạnh Ngân | L98: Sprint 4 (7/7 - 7/17)
A99: 2026-07-06 13:55 | B99: TICKET-15843 | C99: Fix ads | D99: Task | E99: 1.0.5 - Fix ads/Fix luồng/ Add tracking | F99: done | J99: Lục Tiến Đạt, Nguyễn Nhật Minh | K99: Nguyễn Ngọc Hạnh Ngân
A100: 2026-07-06 13:55 | B100: TICKET-15844 | C100: Fix luồng | D100: Task | E100: 1.0.5 - Fix ads/Fix luồng/ Add tracking | F100: done | J100: Nguyễn Nhật Minh | K100: Nguyễn Ngọc Hạnh Ngân | P100: 6
...

Sheet Tháng 8
A1: Ngày lên đơn | B1: ID | C1: Tên task | D1: Loại | E1: Task cha | F1: Trạng thái | G1: Ưu tiên | H1: App Name | I1: Task type | J1: Người làm | K1: Người tạo | L1: Sprint | M1: Start date | N1: Due date | O1: Ngày đóng | P1: Điểm | Q1: Đánh giá DEV | R1: Đánh giá Test
A2: 2026-08-01 14:37 | B2: TICKET-17256 | C2: QA testing: | D2: Task | E2: 1.0.1 - Add ads/ Add IAP | F2: all issue | K2: Trịnh Thị Thơ
A3: 2026-08-01 14:37 | B3: TICKET-17257 | C3: Add ads: | D3: Task | E3: QA testing: | F3: all issue | K3: Trịnh Thị Thơ
A4: 2026-08-01 14:40 | B4: TICKET-17258 | C4: Bug 1: Quảng cáo màn splash không hiển thị , không báo fail dev check lại các case | D4: Bug | E4: Add ads: | F4: done | J4: Trần Đức An | K4: Trịnh Thị Thơ
A5: 2026-08-01 14:55 | B5: TICKET-17259 | C5: Bug2: 2.1 :Quảng cáo language load trước tại splash. Hiện tại lại load ở màn language 2.1: Quảng cáo: language2.1 không show. Check lại | D5: Bug | E5: Add ads: | F5: done | J5: Trần Đức An | K5: Trịnh Thị Thơ
A6: 2026-08-01 18:01 | B6: TICKET-17260 | C6: Bug3: Quảng cáo inter thiếu text: ad ở góc màn hình | D6: Bug | E6: Add ads: | F6: done | J6: Trần Đức An | K6: Trịnh Thị Thơ
A7: 2026-08-01 18:03 | B7: TICKET-17261 | C7: Bug4: Quảng cáo banner Home thiếu text: Ad ở góc màn hình | D7: Bug | E7: Add ads: | F7: done | J7: Trần Đức An | K7: Trịnh Thị Thơ
A8: 2026-08-01 23:12 | B8: TICKET-17262 | C8: Bug5: Quảng cáo Open ads chưa show check lại | D8: Bug | E8: Add ads: | F8: done | J8: Trần Đức An | K8: Trịnh Thị Thơ
A9: 2026-08-01 23:44 | B9: TICKET-17263 | C9: Bug6: Add game: Quảng cáo dưới chân màn: thuộc tính "isCloseWhenClick": true, nhưng quảng cáo vẫn hiện không mất đi khi click vào. | D9: Bug | E9: Add ads: | F9: done | J9: Trần Đức An | K9: Trịnh Thị Thơ
A10: 2026-08-02 12:30 | B10: TICKET-17264 | C10: Bug7: Native full sau splash inter không click được (video) | D10: Bug | E10: Add ads: | F10: done | J10: Trần Đức An | K10: Trịnh Thị Thơ
A11: 2026-08-02 15:35 | B11: TICKET-17268 | C11: Bug8: Click game :Chưa có :Timeout xs remote config default 5s | D11: Bug | E11: Add ads: | F11: done | J11: Trần Đức An | K11: Trịnh Thị Thơ
A12: 2026-08-02 17:40 | B12: TICKET-17273 | C12: Bug9: search_bottom : Không có data không hiện quảng cáo. | D12: Bug | E12: Add ads: | F12: done | J12: Trần Đức An | K12: Trịnh Thị Thơ
A13: 2026-08-02 17:56 | B13: TICKET-17274 | C13: Bug10: Click exit/restart popup confirm=>> Click button exit/restart mới load show quảng cáo . Đây đang show trước | D13: Bug | E13: Add ads: | F13: done | J13: Trần Đức An | K13: Trịnh Thị Thơ
A14: 2026-08-02 18:01 | B14: TICKET-17275 | C14: Bug11: Ads bottom : trên fire base : "isPreloadAfterShow": true, mà không load lại | D14: Bug | E14: Add ads: | F14: done | J14: Trần Đức An | K14: Trịnh Thị Thơ
A15: 2026-08-02 18:27 | B15: TICKET-17276 | C15: Bug12: Check lại : Click Download Reward: để đúng định dạng nhưng không show | D15: Bug | E15: Add ads: | F15: done | J15: Trần Đức An | K15: Trịnh Thị Thơ
A16: 2026-08-02 18:30 | B16: TICKET-17277 | C16: Bug13: Click Download Inter: Để định dạng : "type": "interstitial", nhưng vẫn hiện dailog reward.(video) | D16: Bug | E16: Add ads: | F16: done | J16: Trần Đức An | K16: Trịnh Thị Thơ
A17: 2026-08-03 09:31 | B17: TICKET-17278 | C17: 1.0.0 phiên bản MVP | D17: Task | F17: done | H17: spin wheel 2 | J17: Ngọc Văn Linh | K17: Lục Tiến Đạt | L17: Sprint 2 (7/28 - 8/31)
A18: 2026-08-03 09:34 | B18: TICKET-17279 | C18: Luồng đầu vào + màn Setting | D18: Task | E18: 1.0.0 phiên bản MVP | F18: done | J18: Bùi Văn Tiến | K18: Bùi Văn Tiến | P18: 2
A19: 2026-08-03 09:36 | B19: TICKET-17280 | C19: (Game Assistant) Màn Game Assistant | D19: Task | E19: 1.0.0 phiên bản MVP | F19: done | J19: Bùi Văn Tiến | K19: Bùi Văn Tiến | P19: 2
A20: 2026-08-03 09:37 | B20: TICKET-17281 | C20: Màn Apps | D20: Task | E20: (Game Assistant) Màn Game Assistant | F20: done | J20: Bùi Văn Tiến, Ngọc Văn Linh | K20: Bùi Văn Tiến
A21: 2026-08-03 09:37 | B21: TICKET-17282 | C21: Màn System | D21: Task | E21: (Game Assistant) Màn Game Assistant | F21: done | J21: Bùi Văn Tiến, Ngọc Văn Linh | K21: Bùi Văn Tiến
A22: 2026-08-03 09:39 | B22: TICKET-17283 | C22: (Game Assistant) Màn Configure Game Optimizations | D22: Task | E22: 1.0.0 phiên bản MVP | F22: done | J22: Bùi Văn Tiến | K22: Bùi Văn Tiến | P22: 4
A23: 2026-08-03 09:40 | B23: TICKET-17284 | C23: (Game Assistant) Màn Optimizing Game | D23: Task | E23: 1.0.0 phiên bản MVP | F23: done | J23: Bùi Văn Tiến | K23: Bùi Văn Tiến | P23: 2
A24: 2026-08-03 09:40 | B24: TICKET-17285 | C24: (Game Hub) Màn Game Hub | D24: Task | E24: 1.0.0 phiên bản MVP | F24: done | J24: Bùi Văn Tiến | K24: Bùi Văn Tiến | P24: 1.5
A25: 2026-08-03 09:41 | B25: TICKET-17287 | C25: (Game Hub) Màn Game Fit Score | D25: Task | E25: 1.0.0 phiên bản MVP | F25: done | J25: Bùi Văn Tiến | K25: Bùi Văn Tiến | P25: 1.5
A26: 2026-08-03 09:41 | B26: TICKET-17286 | C26: (Game Hub) Màn Game Rescore | D26: Task | E26: 1.0.0 phiên bản MVP | F26: done | J26: Bùi Văn Tiến | K26: Bùi Văn Tiến | P26: 2
A27: 2026-08-03 09:42 | B27: TICKET-17288 | C27: (Game Hub) Màn Analyzing Game Fit | D27: Task | E27: 1.0.0 phiên bản MVP | F27: done | J27: Bùi Văn Tiến | K27: Bùi Văn Tiến | P27: 3.5
A28: 2026-08-03 09:43 | B28: TICKET-17289 | C28: (Game Hub) Màn Performance Analysis | D28: Task | E28: 1.0.0 phiên bản MVP | F28: done | J28: Bùi Văn Tiến | K28: Bùi Văn Tiến | P28: 4
A29: 2026-08-03 09:44 | B29: TICKET-17290 | C29: [GAME MODE 3]Nghiên cứu tối ưu kỹ thuật | D29: Task | F29: done | H29: Game mode 3 | J29: Lỗ Thành Duy | K29: Dương Thế Tài | L29: Sprint 2 (7/28 - 8/31) | M29: 2026-08-03 09:00 | N29: 2026-08-31 18:00
A30: 2026-08-03 09:44 | B30: TICKET-17291 | C30: (Game Hub) Màn Graphics Optimizer | D30: Task | E30: 1.0.0 phiên bản MVP | F30: done | J30: Bùi Văn Tiến | K30: Bùi Văn Tiến | P30: 5
A31: 2026-08-03 09:44 | B31: TICKET-17292 | C31: (Game Hub) Màn Optimize Complete | D31: Task | E31: 1.0.0 phiên bản MVP | F31: done | K31: Bùi Văn Tiến | P31: 1
A32: 2026-08-03 09:45 | B32: TICKET-17293 | C32: Màn Basic Optimize | D32: Task | E32: (Game Hub) Màn Graphics Optimizer | F32: done | J32: Bùi Văn Tiến, Ngọc Văn Linh | K32: Bùi Văn Tiến
A33: 2026-08-03 09:45 | B33: TICKET-17294 | C33: Màn Enhance Optimize | D33: Task | E33: (Game Hub) Màn Graphics Optimizer | F33: done | J33: Bùi Văn Tiến, Ngọc Văn Linh | K33: Bùi Văn Tiến
A34: 2026-08-03 09:45 | B34: TICKET-17295 | C34: (Game Hub) Màn Add Widget | D34: Task | E34: 1.0.0 phiên bản MVP | F34: done | K34: Bùi Văn Tiến | P34: 3
A35: 2026-08-03 09:46 | B35: TICKET-17296 | C35: (Game Hub) Màn List Tips Game | D35: Task | E35: 1.0.0 phiên bản MVP | F35: done | K35: Bùi Văn Tiến | P35: 2
A36: 2026-08-03 09:46 | B36: TICKET-17297 | C36: (Game Hub) Màn Tip Game Detail | D36: Task | E36: 1.0.0 phiên bản MVP | F36: done | K36: Bùi Văn Tiến | P36: 3
A37: 2026-08-03 09:46 | B37: TICKET-17298 | C37: (VPN) Màn Connect VPN | D37: Task | E37: 1.0.0 phiên bản MVP | F37: pending | K37: Bùi Văn Tiến
A38: 2026-08-03 09:48 | B38: TICKET-17301 | C38: (VPN) Màn Select Server | D38: Task | E38: 1.0.0 phiên bản MVP | F38: pending | K38: Bùi Văn Tiến
A39: 2026-08-03 09:49 | B39: TICKET-17299 | C39: (VPN) Màn Connection Detail | D39: Task | E39: 1.0.0 phiên bản MVP | F39: pending | K39: Bùi Văn Tiến
A40: 2026-08-03 09:50 | B40: TICKET-17300 | C40: (VPN) Các màn liên quan đến xin quyền VPN | D40: Task | E40: 1.0.0 phiên bản MVP | F40: pending | K40: Bùi Văn Tiến
A41: 2026-08-03 09:53 | B41: TICKET-17302 | C41: Màn Game Mode | D41: Task | E41: (Game Assistant) Màn Configure Game Optimizations | F41: done | J41: Bùi Văn Tiến, Ngọc Văn Linh | K41: Bùi Văn Tiến
A42: 2026-08-03 09:54 | B42: TICKET-17303 | C42: Màn Game Tools | D42: Task | E42: (Game Assistant) Màn Configure Game Optimizations | F42: done | J42: Bùi Văn Tiến, Ngọc Văn Linh | K42: Bùi Văn Tiến
A43: 2026-08-03 09:59 | B43: TICKET-17304 | C43: Màn Analysis Result | D43: Task | E43: (Game Hub) Màn Performance Analysis | F43: done | J43: Bùi Văn Tiến, Ngọc Văn Linh | K43: Bùi Văn Tiến
A44: 2026-08-03 09:59 | B44: TICKET-17305 | C44: Màn Recommend Settings | D44: Task | E44: (Game Hub) Màn Performance Analysis | F44: done | J44: Bùi Văn Tiến, Ngọc Văn Linh | K44: Bùi Văn Tiến
A45: 2026-08-03 10:02 | B45: TICKET-17398 | C45: Bug 1. Chuyển hướng sai màn khi chọn PS4, PS5 trên màn Choose PS | D45: Bug | E45: Add unistall | F45: done | J45: Nguyễn Nhật Minh | K45: Linh Đặng
A46: 2026-08-03 10:06 | B46: TICKET-17399 | C46: Setup thư viện WireGuard-android | D46: Task | E46: (VPN) Màn Connect VPN | F46: all issue | K46: Bùi Văn Tiến
A47: 2026-08-03 10:08 | B47: TICKET-17400 | C47: Thiết lập kết nối + xử lý các edge case | D47: Task | E47: (VPN) Màn Connect VPN | F47: all issue | K47: Bùi Văn Tiến
A48: 2026-08-03 10:09 | B48: TICKET-17401 | C48: Luồng đầu vào + Màn Setting | D48: Task | E48: 1.0.0 phiên bản MVP | F48: done | J48: Ngọc Văn Linh | K48: Ngọc Văn Linh | P48: 3
A49: 2026-08-03 10:11 | B49: TICKET-17402 | C49: Màn Home | D49: Task | E49: 1.0.0 phiên bản MVP | F49: done | J49: Ngọc Văn Linh | K49: Ngọc Văn Linh | P49: 2
A50: 2026-08-03 10:11 | B50: TICKET-17403 | C50: Màn Template | D50: Task | E50: 1.0.0 phiên bản MVP | F50: done | J50: Ngọc Văn Linh | K50: Ngọc Văn Linh | P50: 5
A51: 2026-08-03 10:11 | B51: TICKET-17404 | C51: Màn Finger Picker | D51: Task | E51: 1.0.0 phiên bản MVP | F51: done | J51: Ngọc Văn Linh | K51: Ngọc Văn Linh | P51: 4
A52: 2026-08-03 10:12 | B52: TICKET-17405 | C52: Màn Library | D52: Task | E52: 1.0.0 phiên bản MVP | F52: done | J52: Ngọc Văn Linh | K52: Ngọc Văn Linh | P52: 4
A53: 2026-08-03 10:16 | B53: TICKET-17406 | C53: Bug 2. Hiện thiếu % giảm trong button Premium trên màn Hate Interruptions | D53: Bug | E53: Add unistall | F53: done | J53: Nguyễn Nhật Minh | K53: Linh Đặng
A54: 2026-08-03 10:16 | B54: TICKET-17407 | C54: Màn Spin | D54: Task | E54: 1.0.0 phiên bản MVP | F54: done | J54: Ngọc Văn Linh | K54: Ngọc Văn Linh | P54: 6
A55: 2026-08-03 10:17 | B55: TICKET-17408 | C55: Màn Customize Wheel | D55: Task | E55: 1.0.0 phiên bản MVP | F55: done | J55: Ngọc Văn Linh | K55: Ngọc Văn Linh | P55: 10
A56: 2026-08-03 10:27 | B56: TICKET-17409 | C56: Connect VPN Free _ Select VPN_ Button connect và icon + khác UI | D56: Task | E56: QA test | F56: done | K56: Nguyễn Tuyết Oanh
A57: 2026-08-03 10:57 | B57: TICKET-17412 | C57: Fix lỗi ad choice đè lên tag khi đổi ngôn ngữ và native too small | D57: Task | F57: ready to release | H57: Nhiều App | J57: Lục Tiến Đạt, Nguyễn Nhật Minh, Trần Đức An | K57: Nguyễn Ngọc Hạnh Ngân | L57: Sprint 6 (8/10 - 8/14)
A58: 2026-08-03 10:57 | B58: TICKET-17413 | C58: Live video 2 | D58: Task | E58: Fix lỗi ad choice đè lên tag khi đổi ngôn ngữ và native too small | F58: đã ro | G58: urgent | J58: Lục Tiến Đạt, Trịnh Thị Thơ | K58: Nguyễn Ngọc Hạnh Ngân | P58: 2.5
A59: 2026-08-03 10:58 | B59: TICKET-17414 | C59: Live video 1 (ver 1.0.3) | D59: Task | E59: Fix lỗi ad choice đè lên tag khi đổi ngôn ngữ và native too small | F59: đã ro | G59: urgent | J59: Linh Đặng, Nguyễn Nhật Minh | K59: Nguyễn Ngọc Hạnh Ngân | P59: 2
A60: 2026-08-03 10:58 | B60: TICKET-17415 | C60: PS remote (ver 1.0.3) | D60: Task | E60: Fix lỗi ad choice đè lên tag khi đổi ngôn ngữ và native too small | F60: đã ro | G60: high | J60: Linh Đặng, Nguyễn Nhật Minh | K60: Nguyễn Ngọc Hạnh Ngân | P60: 2
A61: 2026-08-03 10:58 | B61: TICKET-17416 | C61: Game mode (ver 1.0.3) | D61: Task | E61: Fix lỗi ad choice đè lên tag khi đổi ngôn ngữ và native too small | F61: đã ro | G61: urgent | J61: Linh Đặng, Nguyễn Nhật Minh | K61: Nguyễn Ngọc Hạnh Ngân | P61: 2
A62: 2026-08-03 10:58 | B62: TICKET-17417 | C62: Number tracker | D62: Task | E62: Fix lỗi ad choice đè lên tag khi đổi ngôn ngữ và native too small | F62: đã ro | G62: urgent | J62: Nguyễn Nhật Minh, Trần Đức An, Trịnh Thị Thơ | K62: Nguyễn Ngọc Hạnh Ngân
A63: 2026-08-03 10:59 | B63: TICKET-17418 | C63: Number locator | D63: Task | E63: Fix lỗi ad choice đè lên tag khi đổi ngôn ngữ và native too small | F63: đã ro | G63: high | J63: Trần Đức An, Trịnh Thị Thơ | K63: Nguyễn Ngọc Hạnh Ngân | P63: 2
A64: 2026-08-03 10:59 | B64: TICKET-17419 | C64: Voice lock (VER 1.0.2) | D64: Task | E64: Fix lỗi ad choice đè lên tag khi đổi ngôn ngữ và native too small | F64: đã ro | G64: urgent | J64: Linh Đặng, Nguyễn Nhật Minh | K64: Nguyễn Ngọc Hạnh Ngân | P64: 2
A65: 2026-08-03 10:59 | B65: TICKET-17420 | C65: Speaker cleaner 1 | D65: Task | E65: Fix lỗi ad choice đè lên tag khi đổi ngôn ngữ và native too small | F65: close | G65: urgent | J65: Linh Đặng, Nguyễn Nhật Minh | K65: Nguyễn Ngọc Hạnh Ngân | O65: 2026-08-10 15:28 | P65: 2
A66: 2026-08-03 11:01 | B66: TICKET-17421 | C66: Bug 2. Ad choice đè lên tag qc trong qc dạng native khi chọn ngôn ngữ Ả rập | D66: Bug | E66: Fix ads | F66: done | J66: Nguyễn Nhật Minh | K66: Linh Đặng
A67: 2026-08-03 11:41 | B67: TICKET-17426 | C67: Add tracking | D67: Task | E67: 1.0.5 Add fearture/Add tracking/Fix bug/Fix crash/Add ads | F67: done | H67: Game Emulator | J67: Trần Đức An, Trịnh Thị Thơ | K67: Trần Nguyệt Ánh | N67: 2026-09-25 18:00
A68: 2026-08-03 11:41 | B68: TICKET-17427 | C68: Fix lỗi đè tag ads | D68: Task | E68: VoiceLock | F68: done | J68: Nguyễn Nhật Minh | K68: Nguyễn Nhật Minh
A69: 2026-08-03 11:41 | B69: TICKET-17429 | C69: Check policy | D69: Task | E69: GoldFinder | F69: done | J69: Nguyễn Nhật Minh | K69: Nguyễn Nhật Minh
A70: 2026-08-03 11:42 | B70: TICKET-17430 | C70: Fix lỗi đè tag ads choice RTL cho ngôn ngữ Ả rập | D70: Task | E70: GoldFinder | F70: done | J70: Nguyễn Nhật Minh | K70: Nguyễn Nhật Minh
A71: 2026-08-03 11:42 | B71: TICKET-17431 | C71: Check policy | D71: Task | E71: Transparent Wallpaper | F71: done | J71: Nguyễn Nhật Minh | K71: Nguyễn Nhật Minh
A72: 2026-08-03 11:42 | B72: TICKET-17432 | C72: Fix lỗi đè tag ads choice RTL cho ngôn ngữ Ả rập | D72: Task | E72: Transparent Wallpaper | F72: done | J72: Nguyễn Nhật Minh | K72: Nguyễn Nhật Minh
A73: 2026-08-03 14:27 | B73: TICKET-17436 | C73: QA testing ( Oanh 1h) | D73: Task | E73: GoldFinder | F73: all issue | K73: Linh Đặng
A74: 2026-08-03 14:35 | B74: TICKET-17437 | C74: Bug 1. Quảng cáo home_bottom dạng collapsible, phần media với video k chạy liên tục | D74: Bug | E74: QA testing ( Oanh 1h) | F74: done | J74: Nguyễn Nhật Minh | K74: Linh Đặng
A75: 2026-08-03 14:42 | B75: TICKET-17438 | C75: Bug 2. Crash trên màn home | D75: Bug | E75: QA testing ( Oanh 1h) | F75: done | J75: Nguyễn Nhật Minh | K75: Linh Đặng
A76: 2026-08-03 14:46 | B76: TICKET-17439 | C76: Bug14: Quảng cáo : Luồng Onboard full 2 load ở màn onboard 1=> Nhưng hiện tại đang load ở màn languageFragment | D76: Bug | E76: Add ads: | F76: done | J76: Trần Đức An | K76: Trịnh Thị Thơ
A77: 2026-08-03 15:02 | B77: TICKET-17440 | C77: Sound | D77: Task | E77: Màn Customize Wheel | F77: pending | K77: Ngọc Văn Linh
A78: 2026-08-03 15:02 | B78: TICKET-17441 | C78: Style | D78: Task | E78: Màn Customize Wheel | F78: done | J78: Ngọc Văn Linh | K78: Ngọc Văn Linh
A79: 2026-08-03 15:03 | B79: TICKET-17442 | C79: Slices | D79: Task | E79: Màn Customize Wheel | F79: done | J79: Ngọc Văn Linh | K79: Ngọc Văn Linh
A80: 2026-08-03 15:10 | B80: TICKET-17443 | C80: Config Server | D80: Task | E80: Màn Template | F80: done | J80: Ngọc Văn Linh | K80: Ngọc Văn Linh
A81: 2026-08-03 16:14 | B81: TICKET-17445 | C81: Bug 2. Khi chọn ngôn ngữ Ả rập, ghi đè ads choice lên tag qc tại 1 số vị trí qc native | D81: Bug | E81: QA testing: ( Oanh 1h) | F81: done | J81: Nguyễn Nhật Minh | K81: Linh Đặng
A82: 2026-08-03 16:33 | B82: TICKET-17446 | C82: QA testing | D82: Task | E82: Fix IAP | F82: done | K82: Nguyễn Tuyết Oanh
A83: 2026-08-03 16:37 | B83: TICKET-17448 | C83: Ad detector | D83: Task | E83: Fix lỗi ad choice đè lên tag khi đổi ngôn ngữ và native too small | F83: đã ro | G83: urgent | J83: Lục Tiến Đạt, Nguyễn Nhật Minh, Nguyễn Tuyết Oanh, Trần Đức An, Trịnh Thị Thơ | K83: Nguyễn Ngọc Hạnh Ngân
A84: 2026-08-03 17:47 | B84: TICKET-17453 | C84: Ui | D84: Task | E84: Màn Template | F84: done | J84: Ngọc Văn Linh | K84: Ngọc Văn Linh
A85: 2026-08-03 17:47 | B85: TICKET-17455 | C85: Call Api | D85: Task | E85: Màn Template | F85: done | J85: Ngọc Văn Linh | K85: Ngọc Văn Linh
A86: 2026-08-03 17:49 | B86: TICKET-17456 | C86: Ui | D86: Task | E86: Màn Finger Picker | F86: done | J86: Ngọc Văn Linh | K86: Ngọc Văn Linh
A87: 2026-08-03 17:49 | B87: TICKET-17457 | C87: Logic | D87: Task | E87: Màn Finger Picker | F87: done | J87: Ngọc Văn Linh | K87: Ngọc Văn Linh
A88: 2026-08-03 17:50 | B88: TICKET-17458 | C88: Ui | D88: Task | E88: Màn Library | F88: done | J88: Ngọc Văn Linh | K88: Ngọc Văn Linh
A89: 2026-08-03 17:50 | B89: TICKET-17459 | C89: QA testing (Oanh 1h) | D89: Task | E89: Transparent Wallpaper | F89: all issue | K89: Linh Đặng
A90: 2026-08-03 17:51 | B90: TICKET-17460 | C90: Continue playing | D90: Task | E90: Màn Library | F90: done | J90: Ngọc Văn Linh | K90: Ngọc Văn Linh
A91: 2026-08-03 17:51 | B91: TICKET-17462 | C91: My wheel | D91: Task | E91: Màn Library | F91: done | J91: Ngọc Văn Linh | K91: Ngọc Văn Linh
A92: 2026-08-03 17:52 | B92: TICKET-17463 | C92: Ui | D92: Task | E92: Màn Spin | F92: done | J92: Ngọc Văn Linh | K92: Ngọc Văn Linh
A93: 2026-08-03 17:52 | B93: TICKET-17464 | C93: CustomView Spin | D93: Task | E93: Màn Spin | F93: done | J93: Ngọc Văn Linh | K93: Ngọc Văn Linh
A94: 2026-08-03 17:54 | B94: TICKET-17466 | C94: Share Result | D94: Task | E94: Màn Spin | F94: done | J94: Ngọc Văn Linh | K94: Ngọc Văn Linh
A95: 2026-08-03 17:55 | B95: TICKET-17467 | C95: Ui | D95: Task | E95: Màn Customize Wheel | F95: done | J95: Ngọc Văn Linh | K95: Ngọc Văn Linh
A96: 2026-08-04 09:15 | B96: TICKET-17476 | C96: Giải phóng Ram - Verify việc can thiệp sâu vào hệ thống | D96: Task | E96: [GAME MODE 3]Nghiên cứu tối ưu kỹ thuật | F96: done | J96: Lỗ Thành Duy | K96: Lỗ Thành Duy | M96: 2026-08-04 09:45 | N96: 2026-08-05 09:00 | P96: 4
A97: 2026-08-04 09:15 | B97: TICKET-17477 | C97: Check CPU Performance | D97: Task | E97: [GAME MODE 3]Nghiên cứu tối ưu kỹ thuật | F97: done | J97: Lỗ Thành Duy | K97: Lỗ Thành Duy | M97: 2026-08-04 09:45 | N97: 2026-08-05 09:00 | P97: 1
A98: 2026-08-04 09:16 | B98: TICKET-17478 | C98: Verify, đo hiệu năng trước khi giải phóng ram và sau khi giải phogns | D98: Task | E98: [GAME MODE 3]Nghiên cứu tối ưu kỹ thuật | F98: done | J98: Lỗ Thành Duy | K98: Lỗ Thành Duy | M98: 2026-08-05 09:00 | N98: 2026-08-05 18:00 | P98: 2
A99: 2026-08-04 09:16 | B99: TICKET-17479 | C99: Triển khai GFX tool | D99: Task | E99: [GAME MODE 3]Nghiên cứu tối ưu kỹ thuật | F99: done | J99: Lỗ Thành Duy | K99: Lỗ Thành Duy | M99: 2026-08-05 17:00 | N99: 2026-08-06 18:00 | P99: 7
A100: 2026-08-04 09:17 | B100: TICKET-17480 | C100: Cấu hình thiết bị ưu tiên CPU/GPU | D100: Task | E100: [GAME MODE 3]Nghiên cứu tối ưu kỹ thuật | F100: done | J100: Lỗ Thành Duy | K100: Lỗ Thành Duy | M100: 2026-08-06 13:30 | N100: 2026-08-10 09:00 | P100: 14
...

Sheet Tháng 9
A1: Ngày lên đơn | B1: ID | C1: Tên task | D1: Loại | E1: Task cha | F1: Trạng thái | G1: Ưu tiên | H1: App Name | I1: Task type | J1: Người làm | K1: Người tạo | L1: Sprint | M1: Start date | N1: Due date | O1: Ngày đóng | P1: Điểm | Q1: Đánh giá DEV | R1: Đánh giá Test
A2: 2026-09-01 21:20 | B2: TICKET-21890 | C2: Qa: Testing: | D2: Task | E2: 1.1.9 - Fix ads/Fix luồng | F2: all issue | J2: Trịnh Thị Thơ | K2: Trịnh Thị Thơ | P2: 16
A3: 2026-09-01 21:21 | B3: TICKET-21891 | C3: Fix luồng: | D3: Task | E3: Qa: Testing: | F3: all issue | J3: Trịnh Thị Thơ | K3: Trịnh Thị Thơ | P3: 13
A4: 2026-09-01 21:21 | B4: TICKET-21892 | C4: Bug1: nhỏ (btnContinueV2) ở góc trên bên phải toolbar. | D4: Bug | E4: Fix luồng: | F4: done | J4: Nguyễn Nhật Minh | K4: Trịnh Thị Thơ
A5: 2026-09-02 08:14 | B5: TICKET-21893 | C5: Fix ads: | D5: Task | E5: Qa: Testing: | F5: all issue | J5: Trịnh Thị Thơ | K5: Trịnh Thị Thơ | P5: 3
A6: 2026-09-02 08:22 | B6: TICKET-21894 | C6: Bug1: Quảng cáo pic: Thoát ra vào lại không hiện quảng cáo =>MM: Thoát ra vào lại vẫn hiện quảng cáo | D6: Bug | E6: Fix ads: | F6: done | J6: Nguyễn Nhật Minh | K6: Trịnh Thị Thơ
A7: 2026-09-02 15:48 | B7: TICKET-21895 | C7: Bug2: Quảng cáo pic đè lên quảng cáo inter=>MM: Quảng cáo pic không đè lên inter | D7: Bug | E7: Fix ads: | F7: done | J7: Nguyễn Nhật Minh | K7: Trịnh Thị Thơ
A8: 2026-09-02 17:25 | B8: TICKET-21896 | C8: Bug3: Click vào :QC: money-spinning1_native thì hiển thị money-spinning2_native (xem video đính kèm) | D8: Bug | E8: Fix ads: | F8: qa - need fix | J8: Trần Đức An | K8: Trịnh Thị Thơ
A9: 2026-09-03 09:02 | B9: TICKET-21897 | C9: Triển khai tính năng 'Storage Dashboard' | D9: Task | E9: Nghiên cứu tính năng Phone cleaner | F9: done | J9: Lỗ Thành Duy | K9: Lỗ Thành Duy | N9: 2026-09-04 18:00 | P9: 0.67
A10: 2026-09-03 09:02 | B10: TICKET-21898 | C10: Triển khai tính năng 'Junk Clean' | D10: Task | E10: Nghiên cứu tính năng Phone cleaner | F10: done | J10: Lỗ Thành Duy | K10: Lỗ Thành Duy | N10: 2026-09-04 18:00 | P10: 3.67
A11: 2026-09-03 09:03 | B11: TICKET-21899 | C11: Triển khai tính năng 'Device Performance' | D11: Task | E11: Nghiên cứu tính năng Phone cleaner | F11: done | J11: Lỗ Thành Duy | K11: Lỗ Thành Duy | N11: 2026-09-04 18:00 | P11: 0.67
A12: 2026-09-03 09:03 | B12: TICKET-21900 | C12: System cache | D12: Task | E12: Triển khai tính năng 'Junk Clean' | F12: done | J12: Lỗ Thành Duy | K12: Lỗ Thành Duy
A13: 2026-09-03 09:03 | B13: TICKET-21901 | C13: Residual file | D13: Task | E13: Triển khai tính năng 'Junk Clean' | F13: done | J13: Lỗ Thành Duy | K13: Lỗ Thành Duy
A14: 2026-09-03 09:04 | B14: TICKET-21902 | C14: Temporary files | D14: Task | E14: Triển khai tính năng 'Junk Clean' | F14: done | J14: Lỗ Thành Duy | K14: Lỗ Thành Duy
A15: 2026-09-03 09:14 | B15: TICKET-21903 | C15: File Manager | D15: Task | E15: Nghiên cứu tính năng Phone cleaner | F15: done | J15: Lỗ Thành Duy | K15: Lỗ Thành Duy | N15: 2026-09-08 18:00 | P15: 2.67
A16: 2026-09-03 09:14 | B16: TICKET-21904 | C16: App Manager | D16: Task | E16: Nghiên cứu tính năng Phone cleaner | F16: done | J16: Lỗ Thành Duy | K16: Lỗ Thành Duy | N16: 2026-09-08 18:00 | P16: 2.33
A17: 2026-09-03 09:14 | B17: TICKET-21905 | C17: Cloud (Pending trong bản đầu) | D17: Task | E17: Nghiên cứu tính năng Phone cleaner | F17: pending | J17: Lỗ Thành Duy | K17: Lỗ Thành Duy
A18: 2026-09-03 09:14 | B18: TICKET-21906 | C18: Recyclebin | D18: Task | E18: Nghiên cứu tính năng Phone cleaner | F18: done | J18: Lỗ Thành Duy | K18: Lỗ Thành Duy | N18: 2026-09-11 18:00 | P18: 10
A19: 2026-09-03 09:27 | B19: TICKET-21907 | C19: Nghiên cứu tính năng tương tác với model/mini game/duble model/change skin | D19: Task | F19: done | H19: AR Dog | J19: Lỗ Thành Duy, Ngọc Văn Linh | K19: Trần Nguyệt Ánh | L19: Sprint 3 (9/3 - 9/30) | N19: 2026-09-18 18:00
A20: 2026-09-03 09:32 | B20: TICKET-21908 | C20: Edit icon app | D20: Task | E20: 1.0.7.Check và fix bug/Edit model/Fix ads/Add tracking | F20: done | J20: Ngọc Văn Linh, Nguyễn Tuyết Oanh | K20: Trần Nguyệt Ánh | P20: 0.5
A21: 2026-09-03 10:00 | B21: TICKET-21921 | C21: Qa testing: | D21: Task | E21: 1.0.6 - Fix crash | F21: done | K21: Trịnh Thị Thơ | P21: 2
A22: 2026-09-03 10:01 | B22: TICKET-21922 | C22: Oanh ( Testing) | D22: Task | E22: QA testing | F22: done | J22: Nguyễn Tuyết Oanh | K22: Nguyễn Tuyết Oanh | P22: 7
A23: 2026-09-03 10:23 | B23: TICKET-21923 | C23: MO testing | D23: Task | E23: 1.0.1 - Add ads | F23: all issue | K23: Nguyễn Ngọc Hạnh Ngân
A24: 2026-09-03 10:24 | B24: TICKET-21924 | C24: Bug 1: quảng cáo template_detail_next sai thiết kế quảng cáo | D24: Task | E24: MO testing | F24: ready to qa-testing | J24: Trần Đức An | K24: Nguyễn Ngọc Hạnh Ngân
A25: 2026-09-03 10:25 | B25: TICKET-21925 | C25: Bug 2: quảng cáo outfitIDs_detailItem_next sai thiết kế quảng cáo | D25: Task | E25: MO testing | F25: ready to qa-testing | J25: Trần Đức An | K25: Nguyễn Ngọc Hạnh Ngân
A26: 2026-09-03 10:25 | B26: TICKET-21926 | C26: Bug 3: splash có định dạng là inter nhưng vẫn show open ads | D26: Task | E26: MO testing | F26: ready to qa-testing | J26: Trần Đức An | K26: Nguyễn Ngọc Hạnh Ngân
A27: 2026-09-03 10:26 | B27: TICKET-21927 | C27: Bug 4: quảng cáo home_bottom_under không show sau khi ấn rút gọn quảng cáo home_bottom | D27: Task | E27: MO testing | F27: need to be clean | J27: Trần Đức An | K27: Nguyễn Ngọc Hạnh Ngân
A28: 2026-09-03 10:42 | B28: TICKET-21928 | C28: Bug 5: quảng cáo exporting_bottom không đổi theo template để trên remote config | D28: Task | E28: MO testing | F28: ready to qa-testing | J28: Trần Đức An | K28: Nguyễn Ngọc Hạnh Ngân
A29: 2026-09-03 10:57 | B29: TICKET-21929 | C29: Test lại toàn bộ app + bản Internal | D29: Task | E29: QA testing | F29: done | J29: Linh Đặng | K29: Linh Đặng | P29: 12
A30: 2026-09-03 15:21 | B30: TICKET-21936 | C30: 1.1.3 - Fix ads/FIx luồng | D30: Task | F30: done | H30: number tracker | J30: Nguyễn Nhật Minh, Trịnh Thị Thơ | K30: Nguyễn Ngọc Hạnh Ngân | L30: Sprint 8 (9/4 - 9/18)
A31: 2026-09-03 15:47 | B31: TICKET-21935 | C31: Fix ads | D31: Task | E31: 1.1.3 - Fix ads/FIx luồng | F31: done | J31: Nguyễn Nhật Minh | K31: Nguyễn Ngọc Hạnh Ngân | N31: 2026-09-11 18:00 | P31: 4
A32: 2026-09-03 15:47 | B32: TICKET-21937 | C32: Fix luồng | D32: Task | E32: 1.1.3 - Fix ads/FIx luồng | F32: done | J32: Nguyễn Nhật Minh | K32: Nguyễn Ngọc Hạnh Ngân | N32: 2026-09-10 18:00
A33: 2026-09-03 15:52 | B33: TICKET-22075 | C33: Fix UI/Add notification/add language | D33: Task | E33: 1.0.6 - Fix ads/Edit luồng/Fix UI | F33: done | J33: Nguyễn Nhật Minh | K33: Nguyễn Ngọc Hạnh Ngân
A34: 2026-09-03 15:55 | B34: TICKET-22076 | C34: Bug 1. ob_native_full_1_show, onboard_2nd_show chỉ log lần đầu tiên, những lần hiện onboardfull1, onboard2 sau đó k có log | D34: Bug | E34: Add tracking | F34: done | J34: Trần Đức An | K34: Linh Đặng
A35: 2026-09-03 16:06 | B35: TICKET-22078 | C35: 1.0.1 - Add ads/Add IAP/Add | D35: Task | F35: ready to release | H35: Game mode 2 | J35: Bùi Văn Tiến, Linh Đặng | K35: Nguyễn Ngọc Hạnh Ngân | L35: Sprint 9 (9/21 - 10/2) | N35: 2026-09-11 18:00
A36: 2026-09-03 16:06 | B36: TICKET-22079 | C36: Add ads | D36: Task | E36: 1.0.1 - Add ads/Add IAP/Add | F36: done | J36: Bùi Văn Tiến | K36: Nguyễn Ngọc Hạnh Ngân | N36: 2026-09-10 18:00 | P36: 14
A37: 2026-09-03 16:06 | B37: TICKET-22080 | C37: Add IAP | D37: Task | E37: 1.0.1 - Add ads/Add IAP/Add | F37: done | J37: Bùi Văn Tiến | K37: Nguyễn Ngọc Hạnh Ngân | P37: 5.5
A38: 2026-09-03 16:09 | B38: TICKET-22081 | C38: Fix ads | D38: Task | E38: 1.0.8. Add tracking/Edit Flow/Edit UI/Add feature/ Fix ads | F38: pending | J38: Trần Đức An | K38: Nguyễn Ngọc Hạnh Ngân
A39: 2026-09-03 16:19 | B39: TICKET-22084 | C39: Bug 4. Không hiện category_name khi chọn cate All trên màn hot trending | D39: Bug | E39: Add tracking | F39: done | J39: Trần Đức An | K39: Linh Đặng
A40: 2026-09-03 16:45 | B40: TICKET-22088 | C40: Bug 8. change_language_show_ Kill app xong vào lại thì không chuyển màn được | D40: Bug | E40: Add tracking | F40: done | J40: Trần Đức An | K40: Nguyễn Tuyết Oanh
A41: 2026-09-03 16:55 | B41: TICKET-22234 | C41: Bug 9. Log 2 lần sự kiện dialog_redering_show | D41: Bug | E41: Add tracking | F41: done | J41: Trần Đức An | K41: Linh Đặng
A42: 2026-09-03 17:26 | B42: TICKET-22237 | C42: Fix lỗi native too small | D42: Task | E42: [1.0.1] - Add ads | F42: done | J42: Lục Tiến Đạt | K42: Lục Tiến Đạt
A43: 2026-09-03 17:28 | B43: TICKET-22238 | C43: Fix lỗi native too small | D43: Task | E43: 1.0.1 - Add ads | F43: done | J43: Trần Đức An | K43: Lục Tiến Đạt
A44: 2026-09-03 17:31 | B44: TICKET-22239 | C44: 1.1.0. Edit Flow/Fix ads | D44: Task | F44: ready to release | H44: AR Dog | J44: Ngọc Văn Linh, Trần Đức An | K44: Trần Nguyệt Ánh | L44: Sprint 9 (9/21 - 10/2)
A45: 2026-09-03 18:32 | B45: TICKET-22241 | C45: Bug 6: quảng cáo llibary_export_list_bottom không show sau khi vào màn | D45: Task | E45: MO testing | F45: all issue | J45: Trần Đức An | K45: Phước Phạm Trung
A46: 2026-09-04 09:30 | B46: TICKET-22247 | C46: QA testing | D46: Task | E46: 1.0.7.Check và fix bug/Edit model/Fix ads/Add tracking | F46: all issue | K46: Linh Đặng
A47: 2026-09-04 09:30 | B47: TICKET-22248 | C47: Add tracking | D47: Task | E47: QA testing | F47: all issue | K47: Linh Đặng
A48: 2026-09-04 09:30 | B48: TICKET-22249 | C48: Add rate | D48: Task | E48: QA testing | F48: all issue | K48: Linh Đặng
A49: 2026-09-04 09:46 | B49: TICKET-22251 | C49: Number tracker | D49: Task | E49: Fix lỗi quảng cáo native too small | F49: done | H49: number tracker | J49: Lục Tiến Đạt | K49: Nguyễn Ngọc Hạnh Ngân
A50: 2026-09-04 09:54 | B50: TICKET-22256 | C50: QA Testing | D50: Task | E50: Edit icon app | F50: done | K50: Nguyễn Tuyết Oanh
A51: 2026-09-04 13:56 | B51: TICKET-22259 | C51: Thêm dialog confirm thay thế dialog change language | D51: Task | E51: Màn Language | F51: done | J51: Nguyễn Nhật Minh | K51: Nguyễn Nhật Minh | N51: 2026-09-07 18:00 | P51: 2
A52: 2026-09-04 13:56 | B52: TICKET-22260 | C52: Thêm 2 logic tự động chọn ngôn ngữ máy | D52: Task | E52: Màn Language | F52: done | J52: Nguyễn Nhật Minh | K52: Nguyễn Nhật Minh | N52: 2026-09-07 18:00 | P52: 4
A53: 2026-09-04 13:56 | B53: TICKET-22261 | C53: Màn Language | D53: Task | E53: Fix luồng | F53: done | J53: Nguyễn Nhật Minh | K53: Nguyễn Nhật Minh | N53: 2026-09-07 18:00
A54: 2026-09-04 13:57 | B54: TICKET-22262 | C54: Refactor màn language để đáp ứng logic mới | D54: Task | E54: Màn Language | F54: done | J54: Nguyễn Nhật Minh | K54: Nguyễn Nhật Minh | N54: 2026-09-07 18:00 | P54: 2
A55: 2026-09-04 13:57 | B55: TICKET-22263 | C55: Thay đổi logic màn IAP | D55: Task | E55: Fix luồng | F55: done | J55: Nguyễn Nhật Minh | K55: Nguyễn Nhật Minh | N55: 2026-09-09 18:00 | P55: 0.5
A56: 2026-09-04 13:57 | B56: TICKET-22264 | C56: Thêm remote config tắt bật luồng number search | D56: Task | E56: Fix luồng | F56: done | J56: Nguyễn Nhật Minh | K56: Nguyễn Nhật Minh | N56: 2026-09-09 12:00
A57: 2026-09-04 13:57 | B57: TICKET-22265 | C57: Thêm màn welcomback khi quay trở lại ứng dụng | D57: Task | E57: Fix luồng | F57: done | J57: Nguyễn Nhật Minh | K57: Nguyễn Nhật Minh | N57: 2026-09-09 18:00 | P57: 2.5
A58: 2026-09-04 15:12 | B58: TICKET-22270 | C58: QA Testing | D58: Task | E58: Check & Fix Bug | F58: done | K58: Nguyễn Tuyết Oanh
A59: 2026-09-04 15:13 | B59: TICKET-22271 | C59: Âm thanh vẫn chạy khi nhân vật di chuyển | D59: Bug | E59: QA Testing | F59: done | J59: Ngọc Văn Linh | K59: Nguyễn Tuyết Oanh
A60: 2026-09-04 15:15 | B60: TICKET-22272 | C60: Check & Fix Bug | D60: Task | E60: QA testing | F60: all issue | K60: Linh Đặng
A61: 2026-09-04 15:30 | B61: TICKET-22273 | C61: Không hiển thị sound Hit tại Tungtung | D61: Bug | E61: QA Testing | F61: done | J61: Ngọc Văn Linh | K61: Nguyễn Tuyết Oanh
A62: 2026-09-04 15:43 | B62: TICKET-22274 | C62: 1.1.5 - chuyển store | D62: Task | F62: đã ro | H62: camera detector | J62: Ngọc Văn Linh | K62: Nguyễn Ngọc Hạnh Ngân | L62: Sprint 8 (9/4 - 9/18) | M62: 2026-09-09 10:30 | N62: 2026-09-09 18:00 | P62: 2
A63: 2026-09-04 16:17 | B63: TICKET-22275 | C63: Một vài âm thanh đang phát dài hơn/ ngắn hơn nhân vật | D63: Bug | E63: QA Testing | F63: done | J63: Ngọc Văn Linh, Trần Nguyệt Ánh | K63: Nguyễn Tuyết Oanh
A64: 2026-09-04 16:48 | B64: TICKET-22276 | C64: icon mèo Oiiai Cat bị ngược | D64: Bug | E64: QA Testing | F64: done | J64: Trần Nguyệt Ánh | K64: Nguyễn Tuyết Oanh
A65: 2026-09-04 16:48 | B65: TICKET-22277 | C65: Bỏ bớt text tại dialog rating | D65: Bug | E65: Add tính năng rate | F65: done | J65: Nguyễn Nhật Minh | K65: Nguyễn Tuyết Oanh
A66: 2026-09-04 17:56 | B66: TICKET-22278 | C66: Fix ads | D66: Task | E66: QA testing | F66: all issue | K66: Trịnh Thị Thơ
A67: 2026-09-07 11:05 | B67: TICKET-22287 | C67: QA testing | D67: Bug | E67: 1.0.1 - Add ads/Add IAP/Add | F67: all issue | K67: Linh Đặng
A68: 2026-09-07 11:05 | B68: TICKET-22288 | C68: Add Ads | D68: Bug | E68: QA testing | F68: done | K68: Linh Đặng
A69: 2026-09-07 11:05 | B69: TICKET-22289 | C69: Add IAP | D69: Bug | E69: QA testing | F69: done | K69: Linh Đặng
A70: 2026-09-07 15:33 | B70: TICKET-22299 | C70: Onboard full + Splash | D70: Task | E70: Fix luồng | F70: done | J70: Nguyễn Nhật Minh | K70: Nguyễn Nhật Minh | N70: 2026-09-07 18:00 | P70: 0.5
A71: 2026-09-07 16:32 | B71: TICKET-22525 | C71: Bug 1. Không hiện qc splash _afterinterstitial sau splash inter | D71: Bug | E71: Add Ads | F71: done | J71: Bùi Văn Tiến | K71: Linh Đặng
A72: 2026-09-07 17:41 | B72: TICKET-22531 | C72: Add tracking param | D72: Task | E72: 1.0.1 - Add ads/Add IAP/Add | F72: done | H72: Game mode 2 | J72: Bùi Văn Tiến | K72: Dương Thế Tài | P72: 2
A73: 2026-09-07 18:08 | B73: TICKET-22532 | C73: Add remote config | D73: Task | E73: 1.0.8. Add tracking/Edit Flow/Edit UI/Add feature/ Fix ads | F73: done | J73: Trần Đức An | K73: Phước Phạm Trung | N73: 2026-09-14 14:30 | P73: 5
A74: 2026-09-08 09:45 | B74: TICKET-22571 | C74: Bổ sung luồng mới | D74: Task | E74: Thêm remote config tắt bật luồng number search | F74: done | J74: Nguyễn Nhật Minh | K74: Nguyễn Nhật Minh | P74: 2.5
A75: 2026-09-08 09:45 | B75: TICKET-22572 | C75: Refactor màn Phone Location để đáp ứng logic mới | D75: Task | E75: Thêm remote config tắt bật luồng number search | F75: done | J75: Nguyễn Nhật Minh | K75: Nguyễn Nhật Minh | N75: 2026-09-09 12:00 | P75: 3.5
A76: 2026-09-08 10:12 | B76: TICKET-22659 | C76: Bug 4. Nhấn vào qc onboard1.1 back trở lại vẫn hiện qc onboard1.1 dưới qc onboard1.2 | D76: Bug | E76: Add Ads | F76: done | J76: Bùi Văn Tiến | K76: Linh Đặng
A77: 2026-09-08 10:23 | B77: TICKET-22660 | C77: Qa testing: | D77: Bug | E77: 1.1.3 - Fix ads/FIx luồng | F77: done | K77: Trịnh Thị Thơ
A78: 2026-09-08 10:46 | B78: TICKET-22661 | C78: Fix luồng: | D78: Bug | E78: Qa testing: | F78: done | K78: Trịnh Thị Thơ
A79: 2026-09-08 11:21 | B79: TICKET-22667 | C79: Bug 5. Home_bottom đang start load trên màn home | D79: Bug | E79: Add Ads | F79: done | J79: Bùi Văn Tiến | K79: Linh Đặng
A80: 2026-09-08 11:28 | B80: TICKET-22669 | C80: QA Testing | D80: Bug | E80: AR dog | F80: qa - need fix | K80: Nguyễn Tuyết Oanh
A81: 2026-09-08 11:29 | B81: TICKET-22670 | C81: 1. Lỗi user có thể kéo lên xuống với quảng cáo native | D81: Bug | E81: QA Testing | F81: all issue | J81: Lục Tiến Đạt | K81: Nguyễn Tuyết Oanh
A82: 2026-09-08 11:37 | B82: TICKET-22671 | C82: Bug 7. Tại home_bottom, opt_bottom, opt_balance, opt-boosting_bottom cài "isPreloadAfterShow": true nhưng không start, load lại qc sau khi show | D82: Bug | E82: Add Ads | F82: done | J82: Bùi Văn Tiến | K82: Linh Đặng
A83: 2026-09-08 11:38 | B83: TICKET-22672 | C83: Bug 8. qc afterinterstitial báo lỗi 101 | D83: Bug | E83: Add Ads | F83: done | J83: Bùi Văn Tiến | K83: Linh Đặng
A84: 2026-09-08 11:38 | B84: TICKET-22673 | C84: 2. Không hiển thị media với quảng cáo native tại màn onboard | D84: Bug | E84: QA Testing | F84: all issue | J84: Lục Tiến Đạt | K84: Nguyễn Tuyết Oanh
A85: 2026-09-08 11:41 | B85: TICKET-22674 | C85: 3. media bị to quá so với template -> không phù hợp | D85: Bug | E85: QA Testing | F85: all issue | J85: Lục Tiến Đạt | K85: Nguyễn Tuyết Oanh
A86: 2026-09-08 12:02 | B86: TICKET-22675 | C86: 4. QC video bị đè 1 góc | D86: Bug | E86: QA Testing | F86: all issue | J86: Lục Tiến Đạt | K86: Nguyễn Tuyết Oanh
A87: 2026-09-08 13:50 | B87: TICKET-22676 | C87: Add tracking | D87: Bug | E87: QA testing | F87: done | K87: Linh Đặng
A88: 2026-09-08 14:31 | B88: TICKET-22681 | C88: Bug 9. Đổi text mô tả trên màn onboardfull2 do k vuốt để chuyển màn được | D88: Bug | E88: Add Ads | F88: done | J88: Bùi Văn Tiến | K88: Linh Đặng
A89: 2026-09-08 15:02 | B89: TICKET-22683 | C89: QA Testing | D89: Bug | E89: 1.0.8. Add tracking/Edit Flow/Edit UI/Add feature/ Fix ads | F89: done | H89: Auto click | K89: Nguyễn Tuyết Oanh | N89: 2026-09-17 17:30
A90: 2026-09-08 15:25 | B90: TICKET-22689 | C90: 1.0.8. Fix crash/Tối ưu request data | D90: Task | F90: đã ro | G90: high | H90: AR Dog | J90: Lục Tiến Đạt, Ngọc Văn Linh | K90: Trần Nguyệt Ánh | L90: Sprint 8 (9/4 - 9/18)
A91: 2026-09-08 15:28 | B91: TICKET-22690 | C91: Fix crash | D91: Task | E91: 1.0.8. Fix crash/Tối ưu request data | F91: done | J91: Ngọc Văn Linh | K91: Trần Nguyệt Ánh | P91: 1
A92: 2026-09-08 15:28 | B92: TICKET-22691 | C92: Tối ưu request data | D92: Task | E92: 1.0.8. Fix crash/Tối ưu request data | F92: done | J92: Ngọc Văn Linh | K92: Trần Nguyệt Ánh | P92: 1.5
A93: 2026-09-08 15:29 | B93: TICKET-22692 | C93: 2. Lỗi auto click chính xác theo seting | D93: Bug | E93: Flow | F93: done | J93: Trần Đức An | K93: Nguyễn Tuyết Oanh
A94: 2026-09-08 16:09 | B94: TICKET-22699 | C94: 1.0.3. Fix policy Device and Network Abuse | D94: Task | F94: đã ro | G94: high | H94: Roblox skin | J94: Lỗ Thành Duy, Trịnh Thị Thơ | K94: Trần Nguyệt Ánh | L94: Sprint 8 (9/4 - 9/18) | M94: 2026-09-08 17:00 | N94: 2026-09-09 18:00
A95: 2026-09-08 17:20 | B95: TICKET-22705 | C95: 3. Lỗi hiển thị màn xin quyền | D95: Bug | E95: Flow | F95: done | J95: Trần Đức An | K95: Nguyễn Tuyết Oanh
A96: 2026-09-08 17:38 | B96: TICKET-22708 | C96: Liên kết app không lưu thành công | D96: Bug | E96: Flow | F96: done | J96: Trần Đức An | K96: Nguyễn Tuyết Oanh
A97: 2026-09-08 17:49 | B97: TICKET-22711 | C97: nút auto click tại floafting bar bị disable | D97: Bug | E97: Flow | F97: done | J97: Trần Đức An | K97: Nguyễn Tuyết Oanh
A98: 2026-09-09 10:28 | B98: TICKET-22717 | C98: Lỗi khi User click 1 kịch bản tại Script | D98: Bug | E98: Flow | F98: done | J98: Trần Đức An | K98: Nguyễn Tuyết Oanh
A99: 2026-09-09 11:02 | B99: TICKET-22719 | C99: Lỗi bị active đồng thời cả 3 tab | D99: Bug | E99: Flow | F99: done | J99: Trần Đức An | K99: Nguyễn Tuyết Oanh
A100: 2026-09-09 11:29 | B100: TICKET-22720 | C100: Lỗi không hiển thị đồng bộ Script | D100: Bug | E100: Flow | F100: done | J100: Trần Đức An | K100: Nguyễn Tuyết Oanh
...

Sheet Tháng 10
A1: Ngày lên đơn | B1: ID | C1: Tên task | D1: Loại | E1: Task cha | F1: Trạng thái | G1: Ưu tiên | H1: App Name | I1: Task type | J1: Người làm | K1: Người tạo | L1: Sprint | M1: Start date | N1: Due date | O1: Ngày đóng | P1: Điểm | Q1: Đánh giá DEV | R1: Đánh giá Test
A2: 2026-10-01 09:36 | B2: n_de2dad2d51 | C2: Thực hiện tính năng play game | D2: Task | E2: Nghiên cứu và demo tính năng interactive play videogame | F2: done | J2: Lỗ Thành Duy | K2: Lỗ Thành Duy | N2: 2026-10-01 18:00
A3: 2026-10-01 10:04 | B3: n_da25467529 | C3: Lỗi với dung lượng lớn | D3: Task | E3: File | F3: qa - need fix | G3: urgent | K3: Nguyễn Tuyết Oanh
A4: 2026-10-01 10:34 | B4: n_5d265a7e49 | C4: Large File _ Khi compressing file lớn, không hiển thị thông tin đầy đủ | D4: Task | E4: File | F4: qa - need fix | G4: urgent | K4: Nguyễn Tuyết Oanh
A5: 2026-10-01 10:36 | B5: n_d9507aafb3 | C5: Cải thiện fps khi tua chậm video | D5: Task | E5: Nghiên cứu và demo tính năng interactive play videogame | F5: done | J5: Lỗ Thành Duy | K5: Lỗ Thành Duy | N5: 2026-10-01 18:00
A6: 2026-10-01 10:51 | B6: n_433148dbcc | C6: Large file _ Lỗi không xóa được file dung lượng lớn | D6: Task | E6: File | F6: qa - need fix | G6: urgent | K6: Nguyễn Tuyết Oanh
A7: 2026-10-01 11:14 | B7: n_66b60cf6ad | C7: Large File_Lỗi tính sai tổng số dung lượng | D7: Task | E7: File | F7: qa - need fix | G7: urgent | K7: Nguyễn Tuyết Oanh
A8: 2026-10-01 11:55 | B8: n_58ec3754f5 | C8: Duplicate file_ Lỗi không tích chọn hết các ile trùng ( chỉ giữ lại 1 file) | D8: Task | E8: File | F8: qa - need fix | G8: urgent | K8: Nguyễn Tuyết Oanh
A9: 2026-10-01 13:47 | B9: n_93f8616f2e | C9: Bỏ text thông báo với một số file không thể truy cập ( similer file, duplicate file, blurry photos) | D9: Task | E9: File | F9: qa - need fix | G9: urgent | K9: Nguyễn Tuyết Oanh
A10: 2026-10-01 14:11 | B10: n_2e7f1098d9 | C10: File Compressor_ Lỗi khôn hiển thị dung lượng khi nén file ( file lớn) | D10: Task | E10: File | F10: qa - need fix | G10: urgent | K10: Nguyễn Tuyết Oanh
A11: 2026-10-01 14:30 | B11: n_6e976f4359 | C11: Lỗi không hiển thị được khi thoát app ra 1 lúc rồi vào lại | D11: Task | E11: Similar photos | F11: qa - need fix | G11: low | K11: Nguyễn Tuyết Oanh
A12: 2026-10-01 15:08 | B12: n_eba4146578 | C12: Lỗi giao diện khi nén nhiều ảnh | D12: Task | E12: Similar photos | F12: qa - need fix | G12: urgent | K12: Nguyễn Tuyết Oanh
A13: 2026-10-01 15:08 | B13: n_38e15661c7 | C13: Toàn ứng dụng | D13: Task | E13: QA Testing | F13: qa - testing | K13: Nguyễn Tuyết Oanh
A14: 2026-10-01 15:09 | B14: n_3551b05565 | C14: App bị đơ, lag khi có nhiều file lớn, nhiều ảnh | D14: Task | E14: Toàn ứng dụng | F14: qa - need fix | G14: urgent | K14: Nguyễn Tuyết Oanh
A15: 2026-10-01 15:30 | B15: n_42d61ec559 | C15: Lỗi khi nén nhiều ảnh | D15: Task | E15: Duplicate images | F15: qa - need fix | G15: urgent | K15: Nguyễn Tuyết Oanh
A16: 2026-10-01 15:40 | B16: n_13af03d1a1 | C16: Thêm tính năng tính điểm | D16: Task | E16: Nghiên cứu và demo tính năng interactive play videogame | F16: done | J16: Lỗ Thành Duy | K16: Lỗ Thành Duy | N16: 2026-10-01 18:00
A17: 2026-10-01 15:41 | B17: n_86e5276589 | C17: Đo benchmark cho project | D17: Task | E17: Nghiên cứu và demo tính năng interactive play videogame | F17: done | J17: Lỗ Thành Duy | K17: Lỗ Thành Duy | N17: 2026-10-01 18:00
A18: 2026-10-01 15:53 | B18: n_20f609572e | C18: Lỗi không thể nén video với dung lượng lớn | D18: Task | E18: Duplicate video | F18: qa - need fix | G18: urgent | K18: Nguyễn Tuyết Oanh
A19: 2026-10-01 16:21 | B19: n_1fe1dbfce7 | C19: Lỗi khi nén video dung lượng lớn ( nén xong -> thành công -> back lại vẫn còn nguyên) | D19: Task | E19: Video Compressor | F19: qa - need fix | G19: urgent | K19: Nguyễn Tuyết Oanh
A20: 2026-10-01 16:27 | B20: n_02a7d361c3 | C20: Nén video lớn không thành công, back lại thì lại chyển vào màn compessing tiếp | D20: Task | E20: Duplicate video | F20: done | G20: urgent | K20: Nguyễn Tuyết Oanh
A21: 2026-10-01 16:35 | B21: n_7257b3afe6 | C21: Lỗi không thể scan từ màn No photo | D21: Task | E21: Trash | F21: qa - need fix | G21: urgent | K21: Nguyễn Tuyết Oanh
A22: 2026-10-01 16:39 | B22: n_4d3f8f0ea2 | C22: Lỗi không thể back về từ màn no photo ( rundom 1 vài lần) | D22: Task | E22: Trash | F22: qa - need fix | G22: low | K22: Nguyễn Tuyết Oanh
A23: 2026-10-01 16:49 | B23: n_3ca3910f10 | C23: Lỗi logic_ Nén file gốc, không phải cho vào thùng rác | D23: Task | E23: File Compressor | F23: done | G23: urgent | K23: Nguyễn Tuyết Oanh
A24: 2026-10-01 16:51 | B24: n_6cdaf9e16c | C24: Lỗi logic_ Nén video gốc, không phải nén cho vào thùng rác | D24: Task | E24: Video Compressor | F24: done | G24: urgent | K24: Nguyễn Tuyết Oanh
A25: 2026-10-01 17:27 | B25: n_80d199ccbc | C25: Update tính năng stream video khi video trên server | D25: Task | E25: Nghiên cứu và demo tính năng interactive play videogame | F25: done | J25: Lỗ Thành Duy | K25: Lỗ Thành Duy | N25: 2026-10-02 18:01
A26: 2026-10-01 17:42 | B26: n_47d68e06a2 | C26: Add Ads | D26: Task | E26: QA testing | F26: all issue | K26: Linh Đặng
A27: 2026-10-01 18:01 | B27: n_e750c639e1 | C27: cụm tính năng a | D27: Task | E27: Fix ads | F27: done | J27: Nguyễn Nhật Minh | K27: Lục Tiến Đạt | P27: 1.5
A28: 2026-10-01 18:02 | B28: n_2567ee13a5 | C28: cụm tính năng b | D28: Task | E28: Fix ads | F28: done | J28: Trần Đức An | K28: Lục Tiến Đạt | P28: 3
A29: 2026-10-01 18:05 | B29: n_0e8c0103fa | C29: research tính năng game emulator | D29: Task | F29: done | H29: Game Emulator | J29: Trần Đức An | K29: Lục Tiến Đạt | L29: Sprint 1 (5/22 - 7/15) | P29: 9
A30: 2026-10-02 10:32 | B30: n_4257de3b40 | C30: Luồng đầu vào | D30: Task | E30: QA Testing | F30: qa - testing | K30: Nguyễn Tuyết Oanh
A31: 2026-10-02 10:32 | B31: n_b1a2a742ec | C31: Lỗi thiếu icon tại màn ob 3 | D31: Task | E31: Luồng đầu vào | F31: done | G31: urgent | K31: Nguyễn Tuyết Oanh
A32: 2026-10-02 11:30 | B32: n_9256aeb9f8 | C32: Lỗi giao diện màn Deleting | D32: Task | E32: Trash | F32: qa - need fix | G32: urgent | K32: Nguyễn Tuyết Oanh
A33: 2026-10-02 13:53 | B33: n_190b831b2f | C33: Hơi bị đổ bóng 1 xíu tại viền language | D33: Task | E33: Luồng đầu vào | F33: qa - need fix | G33: low | K33: Nguyễn Tuyết Oanh
A34: 2026-10-02 13:58 | B34: n_41914e13e5 | C34: Bỏ icon back tại màn splash | D34: Task | E34: Luồng đầu vào | F34: qa - need fix | G34: urgent | K34: Nguyễn Tuyết Oanh
A35: 2026-10-02 14:04 | B35: n_da0f54613a | C35: Setting_ lỗi không vào setting được từ màn home VÀ Language đổi ngôn ngữ không hoàn toàn | D35: Task | E35: Luồng đầu vào | F35: qa - need fix | G35: urgent | K35: Nguyễn Tuyết Oanh
A36: 2026-10-02 14:14 | B36: n_1ed494b00c | C36: Testing + Improve Performance Demo | D36: Task | E36: Nghiên cứu và demo tính năng interactive play videogame | F36: done | J36: Lỗ Thành Duy | K36: Lỗ Thành Duy | N36: 2026-10-02 18:00
A37: 2026-10-02 14:27 | B37: n_0230e62d24 | C37: Thông tin khi đang Compressing chưa đúng | D37: Task | E37: Video Compressor | F37: qa - need fix | G37: urgent | K37: Nguyễn Tuyết Oanh
A38: 2026-10-02 14:44 | B38: n_dcf7cdb08c | C38: Lỗi BA bổ sung logic sau: không nén được với các file ít dung lượng" “These files could not be made smaller. Originals were kept.” | D38: Bug | E38: File Compressor | F38: qa - need fix | G38: urgent | J38: Thu Đinh Hoài | K38: Nguyễn Tuyết Oanh
A39: 2026-10-02 15:12 | B39: n_73134282f4 | C39: Duplicate file _ Delete file _ Stop nhưng k back lại được | D39: Task | E39: File | F39: done | G39: urgent | K39: Nguyễn Tuyết Oanh
A40: 2026-10-02 15:15 | B40: n_49ad47f216 | C40: ( Gấp)Cần đồng bộ giao diện, font chữ giữa màn File và Cleaner | D40: Task | E40: File | F40: qa - need fix | G40: urgent | K40: Nguyễn Tuyết Oanh
A41: 2026-10-02 15:18 | B41: n_5c365e106f | C41: không thể chuyển tới màn click Junk Clean | D41: Task | E41: Cleaner | F41: done | G41: urgent | K41: Nguyễn Tuyết Oanh
A42: 2026-10-02 15:32 | B42: n_09b8166aac | C42: ( GẤP) Large file nhưng có cả video | D42: Task | E42: File | F42: qa - need fix | G42: urgent | K42: Nguyễn Tuyết Oanh
A43: 2026-10-02 15:39 | B43: n_84975d7fad | C43: các màn No data_ Chỉ hiển gợi ý các option tương ứng với device | D43: Task | E43: Toàn ứng dụng | F43: qa - need fix | G43: low | K43: Nguyễn Tuyết Oanh
A44: 2026-10-02 15:46 | B44: n_2de26ab6bc | C44: ( GẤP) ss a16 android 14 _ Lỗi không thể Restore file | D44: Task | E44: Trash | F44: qa - need fix | G44: urgent | K44: Nguyễn Tuyết Oanh
A45: 2026-10-02 15:48 | B45: n_14955c029a | C45: Lỗi giaio diện bị lệch với các item được chọn | D45: Task | E45: Duplicate images | F45: qa - need fix | G45: low | K45: Nguyễn Tuyết Oanh
A46: 2026-10-02 16:00 | B46: n_fb974af616 | C46: Duplicate photo _ Lỗi khi cho file vào thùng rác, không hiển thị chính xác dung lượng đã move vào Trash | D46: Task | E46: Duplicate images | F46: done | G46: urgent | K46: Nguyễn Tuyết Oanh
A47: 2026-10-02 17:31 | B47: n_e5bb94da37 | C47: Click stop scanning nhưng vẫn vào màn Similar photos | D47: Task | E47: Similar photos | F47: done | G47: urgent | K47: Nguyễn Tuyết Oanh
A48: 2026-10-04 18:44 | B48: n_0cc5136df7 | C48: Nghiên cứu kỹ thuật ứng dụnng game emutaltor | D48: Task | F48: done | H48: Game Emulator | J48: Trần Đức An | K48: Dương Thế Tài | L48: Sprint 9 (9/21 - 10/2) | N48: 2026-10-05 12:00
A49: 2026-10-04 23:43 | B49: n_1e681233f7 | C49: galaxy A05_ Lỗi nén ảnh k thành công những vẫn thông báo thành công | D49: Task | E49: File | F49: all issue | G49: urgent | K49: Nguyễn Tuyết Oanh
A50: 2026-10-05 09:09 | B50: n_1c9109c257 | C50: Đóng gói project | D50: Task | E50: Nghiên cứu và demo tính năng interactive play videogame | F50: done | J50: Lỗ Thành Duy | K50: Lỗ Thành Duy | N50: 2026-10-05 12:00
A51: 2026-10-05 11:38 | B51: n_a8ed66cc0b | C51: Fix UI | D51: Task | E51: 1.1.1 - Add Ads/Fix luồng | F51: all issue | K51: Phước Phạm Trung
A52: 2026-10-05 11:58 | B52: n_00d9cf6005 | C52: 1.0.2 - Add ads/Add SDK | D52: Task | F52: ready to progress | H52: Phone Cleaner | J52: Bùi Văn Tiến, Ngọc Văn Linh | K52: Nguyễn Ngọc Hạnh Ngân | L52: Sprint 10 (10/6 - 10/17)
A53: 2026-10-05 11:59 | B53: n_43b2a93a91 | C53: Ver 1.0.6 edit flow download/add flow auto scan game | D53: Task | F53: all issue | H53: Game Emulator | K53: Dương Thế Tài
A54: 2026-10-05 12:01 | B54: n_e9b9a11e69 | C54: Edit flow download/add flow auto scan game | D54: Task | F54: in progress | G54: high | H54: Game Emulator | J54: Trần Đức An | K54: Dương Thế Tài | L54: Sprint 10 (10/6 - 10/17) | N54: 2026-10-07 12:00
A55: 2026-10-05 12:02 | B55: n_1b19393bfe | C55: Add option language | D55: Task | E55: 1.0.2. Edit Flow/Add tracking/ Add ads | F55: ready to progress | H55: spin wheel 2 | J55: Ngọc Văn Linh | K55: Hiếu Nguyễn Viết
A56: 2026-10-05 12:03 | B56: n_cb9c37e4c8 | C56: Ver 1.0.6 edit flow download/add flow auto scan game | D56: Task | F56: all issue | H56: Game Emulator | K56: Dương Thế Tài
A57: 2026-10-05 13:39 | B57: n_7b2334d926 | C57: Gắn event tracking | D57: Task | E57: 1.0.2. Edit Flow/Add tracking/ Add ads | F57: ready to progress | H57: spin wheel 2 | J57: Ngọc Văn Linh | K57: Trần Nguyệt Ánh
A58: 2026-10-05 13:40 | B58: n_fd9257a8f5 | C58: 1.0.2. Edit Flow/Add tracking/ Add ads | D58: Task | F58: ready to progress | H58: spin wheel 2 | J58: Ngọc Văn Linh | K58: Trần Nguyệt Ánh | L58: Sprint 10 (10/6 - 10/17)
A59: 2026-10-05 13:49 | B59: n_02ffd838c4 | C59: 1.1.2 - Add feature/ Add ads | D59: Task | F59: ready to progress | G59: urgent | H59: PS Remote | J59: Nguyễn Nhật Minh | K59: Dương Thế Tài | L59: Sprint 10 (10/6 - 10/17)
A60: 2026-10-05 13:49 | B60: n_8b49444fc8 | C60: Add ads | D60: Task | E60: 1.0.2 - Add ads/Add SDK | F60: all issue | J60: Bùi Văn Tiến | K60: Nguyễn Ngọc Hạnh Ngân
A61: 2026-10-05 13:49 | B61: n_28e23cafc9 | C61: Add IAP sdk + placement | D61: Task | E61: 1.0.2 - Add ads/Add SDK | F61: all issue | J61: Ngọc Văn Linh | K61: Nguyễn Ngọc Hạnh Ngân
A62: 2026-10-05 13:58 | B62: n_d8c7d521f2 | C62: 1.2.3 - Add luồng/ Fix UI/ Fix ads | D62: Task | F62: ready to progress | H62: sattelite | K62: Nguyễn Ngọc Hạnh Ngân
A63: 2026-10-05 13:59 | B63: n_669d088250 | C63: Fix UI | D63: Task | E63: 1.2.3 - Add luồng/ Fix UI/ Fix ads | F63: all issue | K63: Nguyễn Ngọc Hạnh Ngân
A64: 2026-10-05 13:59 | B64: n_2530e332a1 | C64: Fix ads | D64: Task | E64: 1.2.3 - Add luồng/ Fix UI/ Fix ads | F64: all issue | K64: Nguyễn Ngọc Hạnh Ngân
A65: 2026-10-05 14:04 | B65: n_6a7ecef476 | C65: Add feature | D65: Task | E65: 1.1.2 - Add feature/ Add ads | F65: all issue | K65: Nguyễn Ngọc Hạnh Ngân
A66: 2026-10-05 14:04 | B66: n_fe3c622ec7 | C66: Add ads | D66: Task | E66: 1.1.2 - Add feature/ Add ads | F66: all issue | K66: Nguyễn Ngọc Hạnh Ngân
A67: 2026-10-05 14:07 | B67: n_3898424801 | C67: Fix/Add Ads | D67: Task | E67: QA testing | F67: all issue | K67: Linh Đặng
A68: 2026-10-05 14:11 | B68: n_ee5ab99380 | C68: "isCloseWhenClick" trong help_bottom,Action_bottom, sorry_bottom hoạt động k đúng | D68: Bug | E68: Fix/Add Ads | F68: done | J68: Nguyễn Nhật Minh | K68: Linh Đặng
A69: 2026-10-05 14:35 | B69: n_58174a1c38 | C69: QA test internal: | D69: Task | E69: 1.1.1. Add New feature/ Add ads | F69: all issue | K69: Trịnh Thị Thơ | L69: Sprint 9 (9/21 - 10/2)
A70: 2026-10-05 14:39 | B70: n_83f956b14c | C70: Bug1: Quảng cáo inter Sau khi chọn (1 Skin or Character or Multiple Model) /Apply/ Hiện thị màn Preview ( Mạng quảng cáo pangle) | D70: Bug | E70: QA test internal: | F70: done | J70: Ngọc Văn Linh | K70: Trịnh Thị Thơ
A71: 2026-10-05 14:57 | B71: n_0570c6c942 | C71: Thay đổi luồng spin | D71: Task | E71: 1.0.2. Edit Flow/Add tracking/ Add ads | F71: ready to progress | H71: spin wheel 2 | J71: Ngọc Văn Linh | K71: Hiếu Nguyễn Viết
A72: 2026-10-05 14:59 | B72: n_2054c7ccce | C72: [Santa prank] - Add tracking | D72: Task | F72: ready to progress | H72: Santa prank | K72: Trần Nguyệt Ánh
A73: 2026-10-05 15:04 | B73: n_88a35196c8 | C73: Thêm remote config | D73: Task | E73: 1.0.2. Edit Flow/Add tracking/ Add ads | F73: ready to progress | H73: spin wheel 2 | J73: Ngọc Văn Linh | K73: Hiếu Nguyễn Viết
A74: 2026-10-05 15:39 | B74: n_4cddd864f1 | C74: Add tracking | D74: Task | E74: 1.0.4 - Fix luồng/Add Ads/Fix UI | F74: ready to progress | K74: Trần Nguyệt Ánh
A75: 2026-10-06 10:02 | B75: n_76db140b2b | C75: Add ads | D75: Task | E75: 1.0.2. Edit Flow/Add tracking/ Add ads | F75: all issue | J75: Ngọc Văn Linh | K75: Nguyễn Ngọc Hạnh Ngân
A76: 2026-10-06 10:18 | B76: n_8b7f021ac0 | C76: Nghiên cứu adapty | D76: Task | E76: 1.0.2 - Add ads/Add SDK | F76: all issue | G76: high | J76: Ngọc Văn Linh | K76: Lục Tiến Đạt
A77: 2026-10-06 10:18 | B77: n_01fda02839 | C77: Add tracking | D77: Task | E77: 1.0.2 - Add ads/Add SDK | F77: all issue | J77: Bùi Văn Tiến | K77: Lục Tiến Đạt
A78: 2026-10-06 10:28 | B78: n_370f9b45fd | C78: Fix bug | D78: Task | E78: 1.0.2 - Add ads/Add SDK | F78: all issue | G78: high | J78: Bùi Văn Tiến | K78: Lục Tiến Đạt
A79: 2026-10-06 14:41 | B79: n_b9a82d3455 | C79: quảng cáo không thèm show | D79: Bug | E79: Fix/Add Ads | F79: all issue | K79: Lục Tiến Đạt
A80: 2026-10-06 14:57 | B80: n_258686c3aa | C80: màn splash | D80: Task | E80: QA testing | F80: all issue | K80: Lục Tiến Đạt
A81: 2026-10-06 14:57 | B81: n_7ea931a255 | C81: quảng cáo splash không show | D81: Bug | E81: màn splash | F81: all issue | K81: Lục Tiến Đạt
A82: 2026-10-06 15:18 | B82: n_a66060b919 | C82: quảng cáo không show | D82: Bug | E82: Add ads | F82: done | K82: Lục Tiến Đạt
A83: 2026-10-06 17:00 | B83: n_dbdd7090d7 | C83: tính năng này không hoạt động | D83: Bug | E83: Play Game | F83: all issue | J83: Bùi Văn Tiến | K83: Lục Tiến Đạt
A84: 2026-10-06 17:08 | B84: n_7e83b4d784 | C84: tính năng không hoạt động | D84: Bug | E84: Dialog confirm language | F84: all issue | J84: Bùi Văn Tiến | K84: Lục Tiến Đạt
A85: 2026-10-06 17:52 | B85: n_9441920a36 | C85: luồng sai bét | D85: Bug | E85: Fix luồng/UI | F85: all issue | J85: Lục Tiến Đạt | K85: Lục Tiến Đạt
